regional,municipio,localizacao,escola_indigena,codigo_escola,nome_escola,ponto_bonus_professor,etapa_ensino
ANANINDEUA 01,Ananindeua,Urbana,False,15167054,ESCOLA ESTADUAL PROF ANTONIO CARLOS GOMES DA COSTA,0.5,ENSINO FUNDAMENTAL ANOS INICIAIS
BELEM 10,Ananindeua,Rural,False,15170209,ANEXO EE COLONIA DO FIDELIS - ILHA JOAO PILATOS,0.5,ENSINO FUNDAMENTAL ANOS INICIAIS
BELEM 10,Belém,Urbana,False,15042952,ESCOLA ESTADUAL PROFA MARTA DA CONCEICAO,0.5,ENSINO FUNDAMENTAL ANOS INICIAIS
SANTA BARBARA,Belém,Rural,False,15043339,ESCOLA ESTADUAL PROF LUIZA DE BARROS PIRES,0.5,ENSINO FUNDAMENTAL ANOS INICIAIS
MARABA,Bom Jesus do Tocantins,Rural,True,15155862,ESCOLA ESTADUAL INDIGENA PEPTYKRE PARKATEJE,0.5,ENSINO FUNDAMENTAL ANOS INICIAIS
MARABA,Bom Jesus do Tocantins,Rural,True,15162990,ESCOLA ESTADUAL INDIGENA KATEKAPONOTI,0.5,ENSINO FUNDAMENTAL ANOS INICIAIS
MARABA,Bom Jesus do Tocantins,Rural,True,15170411,ESCOLA ESTADUAL INDIGENA ME AKRE KOYAKATI,0.5,ENSINO FUNDAMENTAL ANOS INICIAIS
MARABA,Bom Jesus do Tocantins,Rural,True,15170462,ESCOLA ESTADUAL INDIGENA RONORE KAPERE TEMEJAKREKATE AKRATIKATEJE,0.5,ENSINO FUNDAMENTAL ANOS INICIAIS
MARABA,Bom Jesus do Tocantins,Rural,True,15171892,ESCOLA ESTADUAL INDIGENA IMPOHYTUWA,0.5,ENSINO FUNDAMENTAL ANOS INICIAIS
MARABA,Bom Jesus do Tocantins,Rural,True,15171957,ESCOLA ESTADUAL INDIGENA KUXWARE KRIAMRENTIJE,0.5,ENSINO FUNDAMENTAL ANOS INICIAIS
MARABA,Bom Jesus do Tocantins,Rural,True,15171965,ESCOLA ESTADUAL INDIGENA TOKURYKTI,0.5,ENSINO FUNDAMENTAL ANOS INICIAIS
MARABA,Bom Jesus do Tocantins,Rural,True,15172694,ESCOLA ESTADUAL INDIGENA AKROTIKATEJE,0.5,ENSINO FUNDAMENTAL ANOS INICIAIS
MARABA,Bom Jesus do Tocantins,Rural,True,15172708,ESCOLA ESTADUAL INDIGENA JUKAPI KRIJOHERE,0.5,ENSINO FUNDAMENTAL ANOS INICIAIS
MARABA,Bom Jesus do Tocantins,Rural,True,15173186,ESCOLA ESTADUAL INDIGENA KOJIPOKTI,0.5,ENSINO FUNDAMENTAL ANOS INICIAIS
MARABA,Bom Jesus do Tocantins,Rural,True,15179249,ESCOLA ESTADUAL INDIGENA KWYNTYNKRE KYIKATEJE,0.5,ENSINO FUNDAMENTAL ANOS INICIAIS
MARABA,Bom Jesus do Tocantins,Rural,True,15179796,ESCOLA ESTADUAL INDIGENA KRUAPUTITIRE,0.5,ENSINO FUNDAMENTAL ANOS INICIAIS
MARABA,Bom Jesus do Tocantins,Rural,True,15179800,ESCOLA ESTADUAL INDIGENA KWYNKAPREKRE KUWEKATITI,0.5,ENSINO FUNDAMENTAL ANOS INICIAIS
MARABA,Bom Jesus do Tocantins,Rural,True,15181464,ESCOLA ESTADUAL INDIGENA PAHIXATI,0.5,ENSINO FUNDAMENTAL ANOS INICIAIS
MARABA,Bom Jesus do Tocantins,Rural,True,15181472,ESCOLA ESTADUAL INDIGENA ROKOKATEJE,0.5,ENSINO FUNDAMENTAL ANOS INICIAIS
MARABA,Bom Jesus do Tocantins,Rural,True,15181480,ESCOLA ESTADUAL INDIGENA JATHIATI PARKATEJE,0.5,ENSINO FUNDAMENTAL ANOS INICIAIS
MARABA,Bom Jesus do Tocantins,Rural,True,15181499,ESCOLA ESTADUAL INDIGENA AKRATI ME HAKRE,0.5,ENSINO FUNDAMENTAL ANOS INICIAIS
MARABA,Bom Jesus do Tocantins,Rural,True,15181502,ANEXO JARKOJAHERE,0.5,ENSINO FUNDAMENTAL ANOS INICIAIS
MARABA,Bom Jesus do Tocantins,Rural,True,15574261,ESCOLA ESTADUAL INDIGENA TATAKT KYIKATEJE,0.5,ENSINO FUNDAMENTAL ANOS INICIAIS
CACHOEIRA DO ARARI,Cachoeira do Arari,Rural,False,15177572,ESCOLA ESTADUAL RURAL DE CACHOEIRA DO ARARI,0.5,ENSINO FUNDAMENTAL ANOS INICIAIS
CAPITAO POCO,Capitão Poço,Rural,True,15167143,ESCOLA ESTADUAL INDIGENA FELIX TEMBE,0.5,ENSINO FUNDAMENTAL ANOS INICIAIS
CAPITAO POCO,Capitão Poço,Rural,True,15176215,ESCOLA ESTADUAL INDIGENA ITA PUTYR,0.5,ENSINO FUNDAMENTAL ANOS INICIAIS
CAPITAO POCO,Capitão Poço,Rural,True,15176240,ANEXO EE INDIGENA FRANCISCO MAGNO TEMBE - ALDEIA PAKOTYW,0.5,ENSINO FUNDAMENTAL ANOS INICIAIS
CAPITAO POCO,Capitão Poço,Rural,True,15531422,ANEXO EE INDIGENA FELIX TEMBE - ALDEIA ITWACU,0.5,ENSINO FUNDAMENTAL ANOS INICIAIS
CAPITAO POCO,Capitão Poço,Rural,True,15534316,ESCOLA ESTADUAL FRANCISCO MAGNO TEMBE,0.5,ENSINO FUNDAMENTAL ANOS INICIAIS
CAPITAO POCO,Capitão Poço,Rural,True,15534324,ANEXO EE INDIGENA FRANCISCO MAGNO TEMBE - ALDEIA PIRA,0.5,ENSINO FUNDAMENTAL ANOS INICIAIS
CAPITAO POCO,Capitão Poço,Rural,True,15575217,ANEXO EE INDIGENA FRANCISCO MAGNO TEMBE - ALDEIA JACARE,0.5,ENSINO FUNDAMENTAL ANOS INICIAIS
CURRALINHO,Ponta de Pedras,Rural,False,15031829,ESCOLA ESTADUAL JOELSON DOS SANTOS RODRIGUES,0.5,ENSINO FUNDAMENTAL ANOS INICIAIS
CASTANHAL,Santa Maria do Pará,Rural,False,15062791,ESCOLA ESTADUAL INDIGENA CACICA MARIA CASSIANO TEMBE,0.5,ENSINO FUNDAMENTAL ANOS INICIAIS
BENEVIDES,Benevides,Rural,False,15043746,EEEF DA TERCEIRA TRAVESSA,0.5,ENSINO FUNDAMENTAL ANOS INICIAIS
CAPITAO POCO,Capitão Poço,Urbana,False,15148181,ESCOLA ESTADUAL ANTONIO VALDENIR ARAUJO DE LIMA,0.5,ENSINO FUNDAMENTAL ANOS INICIAIS
CAPITAO POCO,Capitão Poço,Rural,True,15171566,ANEXO EE FELIX TEMBE - RUFINO ROMAO TEMBE,0.0,ENSINO FUNDAMENTAL ANOS INICIAIS
CAPITAO POCO,Capitão Poço,Rural,True,15176223,ESCOLA ESTADUAL INDIGENA FRANCISCO ROMAO TEMBE,0.0,ENSINO FUNDAMENTAL ANOS INICIAIS
CAPITAO POCO,Capitão Poço,Rural,True,15176231,ESCOLA ESTADUAL INDIGENA PINO A,0.0,ENSINO FUNDAMENTAL ANOS INICIAIS
ANANINDEUA 01,Ananindeua,Urbana,False,15167054,ESCOLA ESTADUAL PROF ANTONIO CARLOS GOMES DA COSTA,,ENSINO FUNDAMENTAL ANOS FINAIS
BELEM 10,Belém,Urbana,False,15042952,ESCOLA ESTADUAL PROFA MARTA DA CONCEICAO,,ENSINO FUNDAMENTAL ANOS FINAIS
SANTA BARBARA,Belém,Rural,False,15043339,ESCOLA ESTADUAL PROF LUIZA DE BARROS PIRES,,ENSINO FUNDAMENTAL ANOS FINAIS
MARABA,Bom Jesus do Tocantins,Rural,True,15155862,ESCOLA ESTADUAL INDIGENA PEPTYKRE PARKATEJE,,ENSINO FUNDAMENTAL ANOS FINAIS
MARABA,Bom Jesus do Tocantins,Rural,True,15162990,ESCOLA ESTADUAL INDIGENA KATEKAPONOTI,,ENSINO FUNDAMENTAL ANOS FINAIS
MARABA,Bom Jesus do Tocantins,Rural,True,15170411,ESCOLA ESTADUAL INDIGENA ME AKRE KOYAKATI,,ENSINO FUNDAMENTAL ANOS FINAIS
MARABA,Bom Jesus do Tocantins,Rural,True,15170462,ESCOLA ESTADUAL INDIGENA RONORE KAPERE TEMEJAKREKATE AKRATIKATEJE,,ENSINO FUNDAMENTAL ANOS FINAIS
MARABA,Bom Jesus do Tocantins,Rural,True,15171892,ESCOLA ESTADUAL INDIGENA IMPOHYTUWA,,ENSINO FUNDAMENTAL ANOS FINAIS
MARABA,Bom Jesus do Tocantins,Rural,True,15171957,ESCOLA ESTADUAL INDIGENA KUXWARE KRIAMRENTIJE,,ENSINO FUNDAMENTAL ANOS FINAIS
MARABA,Bom Jesus do Tocantins,Rural,True,15171965,ESCOLA ESTADUAL INDIGENA TOKURYKTI,,ENSINO FUNDAMENTAL ANOS FINAIS
MARABA,Bom Jesus do Tocantins,Rural,True,15172694,ESCOLA ESTADUAL INDIGENA AKROTIKATEJE,,ENSINO FUNDAMENTAL ANOS FINAIS
MARABA,Bom Jesus do Tocantins,Rural,True,15172708,ESCOLA ESTADUAL INDIGENA JUKAPI KRIJOHERE,,ENSINO FUNDAMENTAL ANOS FINAIS
MARABA,Bom Jesus do Tocantins,Rural,True,15173186,ESCOLA ESTADUAL INDIGENA KOJIPOKTI,,ENSINO FUNDAMENTAL ANOS FINAIS
MARABA,Bom Jesus do Tocantins,Rural,True,15179249,ESCOLA ESTADUAL INDIGENA KWYNTYNKRE KYIKATEJE,,ENSINO FUNDAMENTAL ANOS FINAIS
MARABA,Bom Jesus do Tocantins,Rural,True,15179796,ESCOLA ESTADUAL INDIGENA KRUAPUTITIRE,,ENSINO FUNDAMENTAL ANOS FINAIS
MARABA,Bom Jesus do Tocantins,Rural,True,15181464,ESCOLA ESTADUAL INDIGENA PAHIXATI,,ENSINO FUNDAMENTAL ANOS FINAIS
MARABA,Bom Jesus do Tocantins,Rural,True,15181472,ESCOLA ESTADUAL INDIGENA ROKOKATEJE,,ENSINO FUNDAMENTAL ANOS FINAIS
MARABA,Bom Jesus do Tocantins,Rural,True,15181480,ESCOLA ESTADUAL INDIGENA JATHIATI PARKATEJE,,ENSINO FUNDAMENTAL ANOS FINAIS
MARABA,Bom Jesus do Tocantins,Rural,True,15181499,ESCOLA ESTADUAL INDIGENA AKRATI ME HAKRE,,ENSINO FUNDAMENTAL ANOS FINAIS
MARABA,Bom Jesus do Tocantins,Rural,True,15181502,ANEXO JARKOJAHERE,,ENSINO FUNDAMENTAL ANOS FINAIS
MARABA,Bom Jesus do Tocantins,Rural,True,15574261,ESCOLA ESTADUAL INDIGENA TATAKT KYIKATEJE,,ENSINO FUNDAMENTAL ANOS FINAIS
CAPITAO POCO,Capitão Poço,Rural,True,15167143,ESCOLA ESTADUAL INDIGENA FELIX TEMBE,,ENSINO FUNDAMENTAL ANOS FINAIS
CAPITAO POCO,Capitão Poço,Rural,True,15176215,ESCOLA ESTADUAL INDIGENA ITA PUTYR,,ENSINO FUNDAMENTAL ANOS FINAIS
CAPITAO POCO,Capitão Poço,Rural,True,15176223,ESCOLA ESTADUAL INDIGENA FRANCISCO ROMAO TEMBE,,ENSINO FUNDAMENTAL ANOS FINAIS
CAPITAO POCO,Capitão Poço,Rural,True,15176240,ANEXO EE INDIGENA FRANCISCO MAGNO TEMBE - ALDEIA PAKOTYW,,ENSINO FUNDAMENTAL ANOS FINAIS
CAPITAO POCO,Capitão Poço,Rural,True,15534316,ESCOLA ESTADUAL FRANCISCO MAGNO TEMBE,,ENSINO FUNDAMENTAL ANOS FINAIS
CAPITAO POCO,Capitão Poço,Rural,True,15534324,ANEXO EE INDIGENA FRANCISCO MAGNO TEMBE - ALDEIA PIRA,,ENSINO FUNDAMENTAL ANOS FINAIS
CAPITAO POCO,Capitão Poço,Rural,True,15575217,ANEXO EE INDIGENA FRANCISCO MAGNO TEMBE - ALDEIA JACARE,,ENSINO FUNDAMENTAL ANOS FINAIS
CASTANHAL,Santa Maria do Pará,Rural,False,15062791,ESCOLA ESTADUAL INDIGENA CACICA MARIA CASSIANO TEMBE,,ENSINO FUNDAMENTAL ANOS FINAIS
CACHOEIRA DO ARARI,Soure,Rural,False,15033643,ESCOLA ESTADUAL JOANA DE LIMA CABRAL,,ENSINO FUNDAMENTAL ANOS FINAIS
ABAETETUBA,Abaetetuba,Urbana,False,15064417,ESCOLA ESTADUAL PROF CARMEM CARDOSO FERREIRA,,ENSINO FUNDAMENTAL ANOS FINAIS
ABAETETUBA,Abaetetuba,Urbana,False,15064514,ESCOLA ESTADUAL TEREZINHA DE JESUS F LIMA,,ENSINO FUNDAMENTAL ANOS FINAIS
,Belém,Urbana,False,15040208,ESCOLA ESTADUAL RUTH PASSARINHO,,ENSINO FUNDAMENTAL ANOS FINAIS
XINGUARA,Água Azul do Norte,Rural,False,15177904,ESCOLA ESTADUAL RURAL DE AGUA AZUL DO NORTE,0.5,ENSINO MEDIO
ALTAMIRA,Altamira,Rural,False,15177858,ESCOLA ESTADUAL RURAL DE ALTAMIRA,0.5,ENSINO MEDIO
BREVES,Anajás,Urbana,False,15024237,ESCOLA ESTADUAL RUI BARBOSA,0.5,ENSINO MEDIO
BELEM 10,Belém,Urbana,False,15042952,ESCOLA ESTADUAL PROFA MARTA DA CONCEICAO,0.5,ENSINO MEDIO
BELEM 02,Belém,Rural,False,15181545,ANEXO EE RUI BARBOSA - ILHA DAS ONCAS,0.5,ENSINO MEDIO
MARABA,Bom Jesus do Tocantins,Rural,True,15155862,ESCOLA ESTADUAL INDIGENA PEPTYKRE PARKATEJE,0.5,ENSINO MEDIO
MARABA,Bom Jesus do Tocantins,Rural,True,15162990,ESCOLA ESTADUAL INDIGENA KATEKAPONOTI,0.5,ENSINO MEDIO
MARABA,Bom Jesus do Tocantins,Rural,True,15170411,ESCOLA ESTADUAL INDIGENA ME AKRE KOYAKATI,0.5,ENSINO MEDIO
MARABA,Bom Jesus do Tocantins,Rural,True,15170462,ESCOLA ESTADUAL INDIGENA RONORE KAPERE TEMEJAKREKATE AKRATIKATEJE,0.5,ENSINO MEDIO
MARABA,Bom Jesus do Tocantins,Rural,True,15171892,ESCOLA ESTADUAL INDIGENA IMPOHYTUWA,0.5,ENSINO MEDIO
MARABA,Bom Jesus do Tocantins,Rural,True,15171957,ESCOLA ESTADUAL INDIGENA KUXWARE KRIAMRENTIJE,0.5,ENSINO MEDIO
MARABA,Bom Jesus do Tocantins,Rural,True,15171965,ESCOLA ESTADUAL INDIGENA TOKURYKTI,0.5,ENSINO MEDIO
MARABA,Bom Jesus do Tocantins,Rural,True,15172694,ESCOLA ESTADUAL INDIGENA AKROTIKATEJE,0.5,ENSINO MEDIO
MARABA,Bom Jesus do Tocantins,Rural,True,15172708,ESCOLA ESTADUAL INDIGENA JUKAPI KRIJOHERE,0.5,ENSINO MEDIO
MARABA,Bom Jesus do Tocantins,Rural,True,15173186,ESCOLA ESTADUAL INDIGENA KOJIPOKTI,0.5,ENSINO MEDIO
MARABA,Bom Jesus do Tocantins,Rural,True,15179249,ESCOLA ESTADUAL INDIGENA KWYNTYNKRE KYIKATEJE,0.5,ENSINO MEDIO
MARABA,Bom Jesus do Tocantins,Rural,True,15179796,ESCOLA ESTADUAL INDIGENA KRUAPUTITIRE,0.5,ENSINO MEDIO
MARABA,Bom Jesus do Tocantins,Rural,True,15179800,ESCOLA ESTADUAL INDIGENA KWYNKAPREKRE KUWEKATITI,0.5,ENSINO MEDIO
MARABA,Bom Jesus do Tocantins,Rural,True,15181464,ESCOLA ESTADUAL INDIGENA PAHIXATI,0.5,ENSINO MEDIO
MARABA,Bom Jesus do Tocantins,Rural,True,15181472,ESCOLA ESTADUAL INDIGENA ROKOKATEJE,0.5,ENSINO MEDIO
MARABA,Bom Jesus do Tocantins,Rural,True,15181480,ESCOLA ESTADUAL INDIGENA JATHIATI PARKATEJE,0.5,ENSINO MEDIO
MARABA,Bom Jesus do Tocantins,Rural,True,15181499,ESCOLA ESTADUAL INDIGENA AKRATI ME HAKRE,0.5,ENSINO MEDIO
MARABA,Bom Jesus do Tocantins,Rural,True,15181502,ANEXO JARKOJAHERE,0.5,ENSINO MEDIO
MARABA,Bom Jesus do Tocantins,Rural,True,15574261,ESCOLA ESTADUAL INDIGENA TATAKT KYIKATEJE,0.5,ENSINO MEDIO
MARABA,Brejo Grande do Araguaia,Rural,False,15177513,ESCOLA ESTADUAL RURAL DE BREJO GRANDE DO ARAGUAIA,0.5,ENSINO MEDIO
SANTA IZABEL DO PARA,Bujaru,Rural,False,15177491,ESCOLA ESTADUAL RURAL DE BUJARU,0.5,ENSINO MEDIO
CACHOEIRA DO ARARI,Cachoeira do Arari,Rural,False,15177572,ESCOLA ESTADUAL RURAL DE CACHOEIRA DO ARARI,0.5,ENSINO MEDIO
PARAUAPEBAS,Canaã dos Carajás,Rural,False,15177696,ESCOLA ESTADUAL RURAL DE CANAA DOS CARAJAS,0.5,ENSINO MEDIO
CAPITAO POCO,Capitão Poço,Rural,True,15167143,ESCOLA ESTADUAL INDIGENA FELIX TEMBE,0.5,ENSINO MEDIO
CAPITAO POCO,Capitão Poço,Rural,True,15171566,ANEXO EE FELIX TEMBE - RUFINO ROMAO TEMBE,0.5,ENSINO MEDIO
CAPITAO POCO,Capitão Poço,Rural,True,15176215,ESCOLA ESTADUAL INDIGENA ITA PUTYR,0.5,ENSINO MEDIO
CAPITAO POCO,Capitão Poço,Rural,True,15176223,ESCOLA ESTADUAL INDIGENA FRANCISCO ROMAO TEMBE,0.5,ENSINO MEDIO
CAPITAO POCO,Capitão Poço,Rural,True,15176231,ESCOLA ESTADUAL INDIGENA PINO A,0.5,ENSINO MEDIO
CAPITAO POCO,Capitão Poço,Rural,True,15176240,ANEXO EE INDIGENA FRANCISCO MAGNO TEMBE - ALDEIA PAKOTYW,0.5,ENSINO MEDIO
CAPITAO POCO,Capitão Poço,Rural,True,15534316,ESCOLA ESTADUAL FRANCISCO MAGNO TEMBE,0.5,ENSINO MEDIO
CAPITAO POCO,Capitão Poço,Rural,True,15534324,ANEXO EE INDIGENA FRANCISCO MAGNO TEMBE - ALDEIA PIRA,0.5,ENSINO MEDIO
CAPITAO POCO,Capitão Poço,Rural,True,15575217,ANEXO EE INDIGENA FRANCISCO MAGNO TEMBE - ALDEIA JACARE,0.5,ENSINO MEDIO
CONCEICAO DO ARAGUAIA,Cumaru do Norte,Rural,True,15170551,ANEXO EE JOAO PINTO PEREIRA - GOROTIRE,0.5,ENSINO MEDIO
OBIDOS,Faro,Rural,False,15177319,ESCOLA ESTADUAL RURAL DE FARO,0.5,ENSINO MEDIO
MAE DO RIO,Irituia,Urbana,False,15559211,ESCOLA ESTADUAL PROF FRANCISCO NUNES,0.5,ENSINO MEDIO
MARABA,Itupiranga,Rural,False,15177742,ESCOLA ESTADUAL RURAL DE ITUPIRANGA,0.5,ENSINO MEDIO
MARABA,Jacundá,Rural,False,15177769,ESCOLA ESTADUAL RURAL DE JACUNDA,0.5,ENSINO MEDIO
ALTAMIRA,Medicilândia,Rural,False,15177980,ESCOLA ESTADUAL RURAL DE MEDICILANDIA,0.5,ENSINO MEDIO
TUCURUI,Novo Repartimento,Rural,False,15177521,ESCOLA ESTADUAL RURAL DE NOVO REPARTIMENTO,0.5,ENSINO MEDIO
OBIDOS,Oriximiná,Rural,False,15177343,ESCOLA ESTADUAL RURAL DE ORIXIMINA,0.5,ENSINO MEDIO
MARABA,Palestina do Pará,Rural,False,15178323,ESCOLA ESTADUAL RURAL DE PALESTINA DO PARA,0.5,ENSINO MEDIO
PARAUAPEBAS,Parauapebas,Urbana,False,15125432,ESCOLA ESTADUAL EDUARDO ANGELIM,0.5,ENSINO MEDIO
PARAUAPEBAS,Parauapebas,Rural,False,15177831,ESCOLA ESTADUAL RURAL DE PARAUAPEBAS,0.5,ENSINO MEDIO
PARAUAPEBAS,Parauapebas,Urbana,False,15179214,ESCOLA ESTADUAL PROF SERAFIM FERNANDES DA SILVA,0.5,ENSINO MEDIO
MONTE ALEGRE,Prainha,Rural,False,15177815,ESCOLA ESTADUAL RURAL DE PRAINHA,0.5,ENSINO MEDIO
CACHOEIRA DO ARARI,Santa Cruz do Arari,Rural,False,15033392,ESCOLA ESTADUAL JOAO FARIAS BARROS,0.5,ENSINO MEDIO
CASTANHAL,Santa Maria do Pará,Rural,False,15062791,ESCOLA ESTADUAL INDIGENA CACICA MARIA CASSIANO TEMBE,0.5,ENSINO MEDIO
CONCEICAO DO ARAGUAIA,Santana do Araguaia,Urbana,False,15168840,ANEXO EE JORCELI SILVA SESTARI - SERINGAL I,0.5,ENSINO MEDIO
MARABA,São Domingos do Araguaia,Rural,False,15177840,ESCOLA ESTADUAL RURAL DE SAO DOMINGOS DO ARAGUAIA,0.5,ENSINO MEDIO
XINGUARA,São Félix do Xingu,Rural,True,15170160,ANEXO EE CARMINA GOMES - KOKRAYMOR,0.5,ENSINO MEDIO
XINGUARA,São Félix do Xingu,Rural,False,15178102,ESCOLA ESTADUAL RURAL DE SAO FELIX DO XINGU,0.5,ENSINO MEDIO
MARABA,São Geraldo do Araguaia,Rural,False,15177866,ESCOLA ESTADUAL RURAL DE SAO GERALDO DO ARAGUAIA,0.5,ENSINO MEDIO
TUCURUI,Tucuruí,Rural,False,15177580,ESCOLA ESTADUAL RURAL DE TUCURUI,0.5,ENSINO MEDIO
SANTA IZABEL DO PARA,Vigia,Urbana,False,15054420,ESCOLA ESTADUAL BERTOLDO NUNES,0.5,ENSINO MEDIO
,Benevides,Rural,False,15043746,EEEF DA TERCEIRA TRAVESSA,0.5,ENSINO MEDIO
,Abaetetuba,Urbana,False,15065006,ESCOLA ESTADUAL PROF LEONIDAS MONTE,0.0,ENSINO MEDIO
,Abaetetuba,Rural,False,15169987,ANEXO EE PROF BASILIO DE CARVALHO - RIO ARUMANDUBA,0.5,ENSINO MEDIO
,Almeirim,Rural,False,15177793,ESCOLA ESTADUAL RURAL DE ALMEIRIM,0.0,ENSINO MEDIO
,Ananindeua,Urbana,False,15167054,ESCOLA ESTADUAL PROF ANTONIO CARLOS GOMES DA COSTA,0.0,ENSINO MEDIO
,Belém,Urbana,False,15034151,ESCOLA ESTADUAL JARDIM SIDERAL,0.5,ENSINO MEDIO
,Belém,Urbana,False,15035220,ESCOLA ESTADUAL PE ORIONE,0.5,ENSINO MEDIO
,Belém,Urbana,False,15039595,ESCOLA ESTADUAL BARAO DO RIO BRANCO,0.0,ENSINO MEDIO
,Belém,Urbana,False,15039773,ESCOLA ESTADUAL SANTOS DUMONT,0.5,ENSINO MEDIO
,Belém,Urbana,False,15042480,ESCOLA ESTADUAL ALMIRANTE JOAO FARIA DE LIMA,0.5,ENSINO MEDIO
,Belém,Urbana,False,15042766,ESCOLA ESTADUAL COLONIA DO FIDELIS,0.5,ENSINO MEDIO
,Belém,Urbana,False,15042782,ESCOLA ESTADUAL DO OUTEIRO,0.0,ENSINO MEDIO
,Benevides,Urbana,False,15043657,ESCOLA ESTADUAL CENECISTA FRANCOIS PAUL BEGOT,0.5,ENSINO MEDIO
,Benevides,Urbana,False,15043738,ESCOLA ESTADUAL PROF DEUSARINA NASCIMENTO SOUZA,0.5,ENSINO MEDIO
,Benevides,Urbana,False,15044009,ESCOLA ESTADUAL DE MURININ,0.5,ENSINO MEDIO
,Cachoeira do Arari,Urbana,False,15028488,ESCOLA ESTADUAL JOSE RODRIGUES VIANA,0.5,ENSINO MEDIO
,Inhangapi,Rural,False,15177386,ESCOLA ESTADUAL RURAL DE INHANGAPI,0.0,ENSINO MEDIO
