municipio,localizacao,codigo_escola,nome_escola,matricula_ef_iniciais,matricula_ef_finais,matricula_em,matricula_total,pontos_ef_iniciais,pontos_ef_finais,pontos_em,ponderado_ef_iniciais,ponderado_ef_finais,ponderado_em,indice_bonus
Abaetetuba,Rural,15067157,ESCOLA ESTADUAL SAO MIGUEL DE BEJA,0,353,197,550,0.0,1.7,0.6,0.0,1.1,0.2,1.3
Abaetetuba,Rural,15163768,ESCOLA ESTADUAL DO CAMPO PROFA BENEDITA LIMA ARAUJO,0,418,275,693,0.0,1.0,0.9,0.0,0.6,0.4,1.0
Abaetetuba,Rural,15169057,ANEXO EE PROF BASILIO DE CARVALHO - RIO QUIANDUBA,0,181,172,353,0.0,2.1,2.3,0.0,1.1,1.1,2.2
Abaetetuba,Rural,15169944,ANEXO EE PEDRO TEIXEIRA - RIO CAMPOMPEMA,0,94,62,156,0.0,0.6,3.5,0.0,0.4,1.4,1.8
Abaetetuba,Rural,15169987,ANEXO EE PROF BASILIO DE CARVALHO - RIO ARUMANDUBA,0,67,21,88,0.0,2.5,0.0,0.0,1.9,0.0,1.9
Abaetetuba,Rural,15170020,ANEXO EE PROF LEONARDO NEGRAO DE SOUSA - COLONIA NOVA,0,76,64,140,0.0,1.8,0.6,0.0,1.0,0.3,1.3
Abaetetuba,Rural,15170713,ANEXO EE PROF BENVINDA DE ARAUJO PONTES - RIO ITACURUCA,0,97,76,173,0.0,2.2,2.5,0.0,1.2,,2.3
Abaetetuba,Rural,15175642,ANEXO EE PEDRO TEIXEIRA - RIO FURO GRANDE,0,123,104,227,0.0,3.5,2.0,0.0,1.9,0.9,2.8
Abaetetuba,Rural,15177416,ESCOLA ESTADUAL RURAL DE ABAETETUBA,0,1174,1035,2209,0.0,0.0,0.0,0.0,0.0,0.0,0.0
Abaetetuba,Rural,15179710,ANEXO EE PROF BENVINDA DE ARAUJO PONTES - AJUAI,0,119,92,211,0.0,0.5,0.5,0.0,0.3,0.2,0.5
Abaetetuba,Urbana,15064280,ESCOLA ESTADUAL SAO FRANCISCO XAVIER,0,807,868,1675,0.0,1.8,3.5,0.0,0.8,1.8,2.7
Abaetetuba,Urbana,15064360,ESCOLA ESTADUAL PROF BERNARDINO PEREIRA DE BARROS,0,66,268,334,0.0,2.5,2.5,0.0,0.5,2.0,2.5
Abaetetuba,Urbana,15064417,ESCOLA ESTADUAL PROF CARMEM CARDOSO FERREIRA,0,217,203,420,0.0,0.0,0.0,0.0,0.0,0.0,0.0
Abaetetuba,Urbana,15064450,ESCOLA ESTADUAL PROF BASILIO DE CARVALHO,0,447,473,920,0.0,2.5,2.2,0.0,1.2,1.1,2.3
Abaetetuba,Urbana,15064514,ESCOLA ESTADUAL TEREZINHA DE JESUS F LIMA,0,18,127,145,0.0,0.0,0.5,0.0,0.0,0.4,0.4
Abaetetuba,Urbana,15064557,ESCOLA ESTADUAL PROF LAURA DOS SANTOS RIBEIRO,0,87,0,87,0.0,2.5,0.0,0.0,2.5,0.0,2.5
Abaetetuba,Urbana,15064646,ESCOLA ESTADUAL PEDRO TEIXEIRA,0,251,211,462,0.0,0.0,0.9,0.0,0.0,0.4,0.4
Abaetetuba,Urbana,15064654,ESCOLA ESTADUAL PROF LEONARDO NEGRAO DE SOUSA,0,75,191,266,0.0,2.5,1.1,0.0,0.7,0.8,1.5
Abaetetuba,Urbana,15064905,ESCOLA ESTADUAL ESMERINA BOU HABIB,0,277,364,641,0.0,1.8,0.2,0.0,0.8,0.1,0.9
Abaetetuba,Urbana,15065006,ESCOLA ESTADUAL PROF LEONIDAS MONTE,0,209,254,463,0.0,0.0,0.0,0.0,0.0,0.0,0.0
Abaetetuba,Urbana,15066878,ESCOLA ESTADUAL CRISTO REDENTOR,0,658,0,658,0.0,1.5,0.0,0.0,1.5,0.0,1.5
Abaetetuba,Urbana,15096700,ESCOLA ESTADUAL CRISTO TRABALHADOR,0,0,774,774,0.0,0.0,2.3,0.0,0.0,2.3,2.3
Abaetetuba,Urbana,15555186,ESCOLA ESTADUAL PROF BENVINDA DE ARAUJO PONTES,0,146,263,409,0.0,0.5,1.5,0.0,0.2,1.0,1.1
Abaetetuba,Urbana,15576396,ESCOLA ESTADUAL IRMA STELLA MARIA,0,419,471,890,0.0,2.5,0.5,0.0,1.2,0.3,1.4
Acará,Rural,15177440,ESCOLA ESTADUAL RURAL DE ACARA,0,0,1320,1320,0.0,0.0,0.5,0.0,0.0,0.5,0.5
Acará,Urbana,15569748,ESCOLA ESTADUAL FELIPE PATRONI,0,0,721,721,0.0,0.0,0.7,0.0,0.0,0.7,0.7
Acará,Urbana,15585042,ESCOLA ESTADUAL PROFA DEUSALINA DA CUNHA E SOUZA CARNEIRO,0,0,577,577,0.0,0.0,0.7,0.0,0.0,0.7,0.7
Barcarena,Urbana,15035735,ESCOLA ESTADUAL PADRE JOSE DELGARDES,0,163,344,507,0.0,1.3,1.7,0.0,0.4,1.2,1.6
Barcarena,Urbana,15035867,ESCOLA ESTADUAL CONEGO BATISTA CAMPOS,0,158,701,859,0.0,0.3,0.3,0.0,0.1,0.2,0.3
Barcarena,Urbana,15035891,ESCOLA ESTADUAL EDUARDO ANGELIM,0,0,933,933,0.0,0.0,0.5,0.0,0.0,0.5,0.5
Barcarena,Urbana,15035921,ESCOLA ESTADUAL ACY DE JESUS BARROS PEREIRA - VILA SAO FRANCISCO,0,0,645,645,0.0,0.0,0.5,0.0,0.0,0.5,0.5
Barcarena,Urbana,15035956,ESCOLA ESTADUAL JOSE MARIA DE MORAES,0,0,111,111,0.0,0.0,0.7,0.0,0.0,0.7,0.7
Barcarena,Urbana,15035964,ESCOLA ESTADUAL PROF JOSE MARIA MACHADO,0,0,535,535,0.0,0.0,0.0,0.0,0.0,0.0,0.0
Barcarena,Urbana,15037070,ESCOLA ESTADUAL PRESIDENTE DUTRA,0,141,548,689,0.0,1.1,1.5,0.0,0.2,1.2,1.4
Barcarena,Urbana,15576370,ESCOLA ESTADUAL PALMIRA GABRIEL,0,0,597,597,0.0,0.0,0.0,0.0,0.0,0.0,0.0
Igarapé-Miri,Rural,15177467,ESCOLA ESTADUAL RURAL DE IGARAPE MIRI,0,0,1407,1407,0.0,0.0,0.5,0.0,0.0,0.5,0.5
Igarapé-Miri,Rural,15568857,ESCOLA ESTADUAL PROFA DALILA AFONSO CUNHA,0,0,264,264,0.0,0.0,0.3,0.0,0.0,0.3,0.3
Igarapé-Miri,Urbana,15570193,ESCOLA ESTADUAL ENEDINA SAMPAIO MELO,0,0,710,710,0.0,0.0,1.1,0.0,0.0,1.1,1.1
Igarapé-Miri,Urbana,15572226,ESCOLA ESTADUAL MANOEL ANTONIO DE CASTRO,0,0,611,611,0.0,0.0,2.5,0.0,0.0,2.5,2.5
Moju,Rural,15177483,ESCOLA ESTADUAL RURAL DE MOJU,0,0,2556,2556,0.0,0.0,0.0,0.0,0.0,0.0,0.0
Moju,Urbana,15166562,ESCOLA ESTADUAL PROF ECILA PANTOJA DA ROCHA,0,0,246,246,0.0,0.0,1.5,0.0,0.0,1.5,1.5
Moju,Urbana,15568873,ESCOLA ESTADUAL PROFA ERNESTINA PEREIRA MAIA,0,0,1107,1107,0.0,0.0,0.1,0.0,0.0,0.1,0.1
Moju,Urbana,15587711,ESCOLA ESTADUAL ANTONIO DE OLIVEIRA GORDO,0,0,188,188,0.0,0.0,0.0,0.0,0.0,0.0,0.0
Tailândia,Rural,15156788,ESCOLA ESTADUAL ERIBERTO JASPER,0,0,353,353,0.0,0.0,0.5,0.0,0.0,0.5,0.5
Tailândia,Urbana,15084434,ESCOLA ESTADUAL SAO FRANCISCO DE ASSIS,0,0,703,703,0.0,0.0,0.0,0.0,0.0,0.0,0.0
Tailândia,Urbana,15164535,ESCOLA ESTADUAL DELCIMAR ALVES DA SILVA,0,0,1317,1317,0.0,0.0,0.8,0.0,0.0,0.8,0.8
Afuá,Rural,15178200,ESCOLA ESTADUAL RURAL DE AFUA,0,0,680,680,0.0,0.0,0.0,0.0,0.0,0.0,0.0
Afuá,Urbana,15022617,ESCOLA ESTADUAL LEOPOLDINA GUERREIRO,0,0,556,556,0.0,0.0,2.0,0.0,0.0,2.0,2.0
Chaves,Rural,15178234,ESCOLA ESTADUAL RURAL DE CHAVES,0,0,603,603,0.0,0.0,0.0,0.0,0.0,0.0,0.0
Chaves,Urbana,15029220,ESCOLA ESTADUAL MAGALHAES BARATA,0,0,213,213,0.0,0.0,1.1,0.0,0.0,1.1,1.1
Altamira,Urbana,15104893,ESCOLA ESTADUAL PROFA DAIRCE PEDROSA TORRES,0,0,162,162,0.0,0.0,0.5,0.0,0.0,0.5,0.5
Altamira,Urbana,15104907,ESCOLA ESTADUAL POLIVALENTE,0,0,1166,1166,0.0,0.0,0.5,0.0,0.0,0.5,0.5
Altamira,Urbana,15106101,ESCOLA ESTADUAL GETULIO VARGAS,0,0,354,354,0.0,0.0,0.9,0.0,0.0,0.9,0.9
Altamira,Urbana,15139603,ESCOLA ESTADUAL BARTOLOMEU MORAES DA SILVA,0,0,331,331,0.0,0.0,0.5,0.0,0.0,0.5,0.5
Altamira,Urbana,15169138,ESCOLA ESTADUAL ODILA DE SOUSA,0,0,519,519,0.0,0.0,0.7,0.0,0.0,0.7,0.7
Altamira,Urbana,15583058,ESCOLA ESTADUAL PROFA DUCILLA ALMEIDA DO NASCIMENTO,0,0,887,887,0.0,0.0,0.9,0.0,0.0,0.9,0.9
Anapu,Rural,15177874,ESCOLA ESTADUAL RURAL DE ANAPU,0,0,259,259,0.0,0.0,0.5,0.0,0.0,0.5,0.5
Anapu,Urbana,15575497,ESCOLA ESTADUAL MARIA JOSE SANTANA DA SILVA,0,0,550,550,0.0,0.0,1.1,0.0,0.0,1.1,1.1
Anapu,Urbana,15582728,ESCOLA ESTADUAL SANTA CLARA,0,0,90,90,0.0,0.0,0.5,0.0,0.0,0.5,0.5
Brasil Novo,Rural,15177912,ESCOLA ESTADUAL RURAL DE BRASIL NOVO,0,0,89,89,0.0,0.0,0.5,0.0,0.0,0.5,0.5
Brasil Novo,Urbana,15106250,ESCOLA ESTADUAL BRASIL NOVO,0,0,531,531,0.0,0.0,2.5,0.0,0.0,2.5,2.5
Medicilândia,Urbana,15107035,ESCOLA ESTADUAL FRANCISCA GOMES DOS SANTOS,0,0,527,527,0.0,0.0,0.5,0.0,0.0,0.5,0.5
Porto de Moz,Rural,15178889,ESCOLA ESTADUAL RURAL DE PORTO DE MOZ,0,0,860,860,0.0,0.0,2.5,0.0,0.0,2.5,2.5
Porto de Moz,Urbana,15017893,ESCOLA ESTADUAL DOM PEDRO I,0,0,784,784,0.0,0.0,2.3,0.0,0.0,2.3,2.3
Porto de Moz,Urbana,15158950,ESCOLA ESTADUAL JOSE ALFREDO HAGE,0,0,198,198,0.0,0.0,3.5,0.0,0.0,3.5,3.5
Senador José Porfírio,Rural,15178137,ESCOLA ESTADUAL RURAL DE SENADOR JOSE PORFIRIO,0,0,297,297,0.0,0.0,0.5,0.0,0.0,0.5,0.5
Senador José Porfírio,Urbana,15109194,ESCOLA ESTADUAL ROSA ALVAREZ REBELO,0,0,365,365,0.0,0.0,2.5,0.0,0.0,2.5,2.5
Uruará,Rural,15178030,ESCOLA ESTADUAL RURAL DE URUARA,0,0,364,364,0.0,0.0,0.5,0.0,0.0,0.5,0.5
Uruará,Urbana,15109879,ESCOLA ESTADUAL MELVIN JONES,0,0,1029,1029,0.0,0.0,1.1,0.0,0.0,1.1,1.1
Vitória do Xingu,Rural,15178145,ESCOLA ESTADUAL RURAL DE VITORIA DO XINGU,0,0,238,238,0.0,0.0,0.5,0.0,0.0,0.5,0.5
Vitória do Xingu,Urbana,15105016,ESCOLA ESTADUAL PADRE EURICO,0,0,457,457,0.0,0.0,1.3,0.0,0.0,1.3,1.3
Ananindeua,Urbana,15033830,ESCOLA ESTADUAL PRINCESA ISABEL - CENTRO,110,0,0,110,1.8,0.0,0.0,1.8,0.0,0.0,1.8
Ananindeua,Urbana,15034410,ESCOLA ESTADUAL ANTONIO TEIXEIRA GUEIROS,0,116,319,435,0.0,0.9,0.9,0.0,0.2,0.7,0.9
Ananindeua,Urbana,15034666,ESCOLA ESTADUAL MAGUARI,114,0,0,114,0.8,0.0,0.0,0.8,0.0,0.0,0.8
Ananindeua,Urbana,15034755,ESCOLA ESTADUAL JOSE MARCELINO DE OLIVEIRA,0,398,23,421,0.0,0.5,0.0,0.0,0.5,0.0,0.5
Ananindeua,Urbana,15034909,ESCOLA ESTADUAL WALTER BEZERRA FALCAO,0,0,397,397,0.0,0.0,2.5,0.0,0.0,2.5,2.5
Ananindeua,Urbana,15144720,ESCOLA ESTADUAL JARDIM JADER BARBALHO,205,0,0,205,2.0,0.0,0.0,2.0,0.0,0.0,2.0
Ananindeua,Urbana,15516830,ESCOLA ESTADUAL ANANI,234,0,0,234,1.7,0.0,0.0,1.7,0.0,0.0,1.7
Ananindeua,Urbana,15517039,ESCOLA ESTADUAL ESPIRITO SANTO,199,0,0,199,2.1,0.0,0.0,2.1,0.0,0.0,2.1
Ananindeua,Urbana,15521141,ESCOLA ESTADUAL CENTRO COMUNITARIO VILA ESPERANCA,0,115,0,115,0.0,2.5,0.0,0.0,2.5,0.0,2.5
Ananindeua,Urbana,15523420,ESCOLA ESTADUAL ARMANDO FAJARDO,0,223,401,624,0.0,0.6,0.1,0.0,0.2,0.1,0.3
Ananindeua,Urbana,15571955,ESCOLA ESTADUAL BENEDITO CELSO PADUA COSTA,215,0,0,215,2.1,0.0,0.0,2.1,0.0,0.0,2.1
Ananindeua,Urbana,15574199,ESCOLA ESTADUAL RAIMUNDO VERA CRUZ,0,0,877,877,0.0,0.0,0.5,0.0,0.0,0.5,0.5
Ananindeua,Urbana,15578020,ESCOLA ESTADUAL IZABEL AMAZONAS,0,402,242,644,0.0,2.5,0.5,0.0,1.6,0.2,1.7
Ananindeua,Urbana,15581853,ESCOLA ESTADUAL PROFA MARIA HELENA VALENTE TAVARES,0,0,1163,1163,0.0,0.0,0.9,0.0,0.0,0.9,0.9
Ananindeua,Urbana,15034046,ESCOLA ESTADUAL DOM ALBERTO GALDENCIO RAMOS,0,432,569,1001,0.0,0.4,0.1,0.0,0.2,0.1,0.2
Ananindeua,Urbana,15034330,ESCOLA ESTADUAL CELINA DEL TETTO,364,428,0,792,0.9,0.5,0.0,0.4,0.3,0.0,0.7
Ananindeua,Urbana,15034364,ESCOLA ESTADUAL ONEIDE DE SOUZA TAVARES,0,331,273,604,0.0,1.3,2.5,0.0,0.7,1.1,1.8
Ananindeua,Urbana,15034380,ESCOLA ESTADUAL PROF GELMIREZ MELO E SILVA,262,0,0,262,0.5,0.0,0.0,0.5,0.0,0.0,0.5
Ananindeua,Urbana,15034470,ESCOLA ESTADUAL PROF JOSE ASSIS RIBEIRO,313,0,0,313,2.5,0.0,0.0,2.5,0.0,0.0,2.5
Ananindeua,Urbana,15034500,ESCOLA ESTADUAL PROFA REGINA COELI SOUZA SILVA,0,547,365,912,0.0,0.5,0.5,0.0,0.3,0.2,0.5
Ananindeua,Urbana,15034550,ESCOLA ESTADUAL DEP ARMANDO CORREA,127,0,0,127,2.5,0.0,0.0,2.5,0.0,0.0,2.5
Ananindeua,Urbana,15034585,ESCOLA ESTADUAL DR GASPAR VIANNA,163,0,0,163,0.5,0.0,0.0,0.5,0.0,0.0,0.5
Ananindeua,Urbana,15034640,ESCOLA ESTADUAL LUIZ NUNES DIREITO,0,277,889,1166,0.0,0.5,0.0,0.0,0.1,0.0,0.1
Ananindeua,Urbana,15034763,ESCOLA ESTADUAL LUCY CORREA DE ARAUJO,0,348,420,768,0.0,0.3,1.5,0.0,0.1,0.8,1.0
Ananindeua,Urbana,15034844,ESCOLA ESTADUAL PROF ANTONIO GONDIM LINS,0,0,580,580,0.0,0.0,0.0,0.0,0.0,0.0,0.0
Ananindeua,Urbana,15035425,ESCOLA ESTADUAL ELAINE ISMAELINO DE FREITAS,193,0,0,193,0.7,0.0,0.0,0.7,0.0,0.0,0.7
Ananindeua,Urbana,15035530,ESCOLA ESTADUAL ANTONIO SAMPAIO,228,0,0,228,0.7,0.0,0.0,0.7,0.0,0.0,0.7
Ananindeua,Urbana,15539865,ESCOLA ESTADUAL MORADORES CRISTO REI,217,0,0,217,1.0,0.0,0.0,1.0,0.0,0.0,1.0
Ananindeua,Urbana,15564363,ESCOLA ESTADUAL PROF FRANCISCO PAULO DO NASCIMENTO MENDES,0,250,665,915,0.0,0.5,0.5,0.0,0.1,0.4,0.5
Ananindeua,Urbana,15586332,ESCOLA ESTADUAL PARAENSE,0,204,0,204,0.0,0.9,0.0,0.0,0.9,0.0,0.9
Ananindeua,Urbana,15590917,ESCOLA ESTADUAL PROF MANOEL SATURNINO DE ANDRADE FAVACHO,0,532,502,1034,0.0,2.5,1.5,0.0,1.3,0.7,2.0
Ananindeua,Urbana,15034054,ESCOLA ESTADUAL PROF JOSE VALENTE RIBEIRO,0,314,239,553,0.0,0.5,0.5,0.0,0.3,0.2,0.5
Ananindeua,Urbana,15034186,ESCOLA ESTADUAL MINISTRO ALCIDES CARNEIRO,0,300,282,582,0.0,0.7,1.0,0.0,0.4,0.5,0.9
Ananindeua,Urbana,15034372,ESCOLA ESTADUAL JOAO CARLOS BATISTA,0,204,276,480,0.0,0.5,0.5,0.0,0.2,0.3,0.5
Ananindeua,Urbana,15034437,ESCOLA ESTADUAL ARIRI,212,0,0,212,2.3,0.0,0.0,2.3,0.0,0.0,2.3
Ananindeua,Urbana,15034445,ESCOLA ESTADUAL JOAQUIM VIANA,0,0,376,376,0.0,0.0,0.7,0.0,0.0,0.7,0.7
Ananindeua,Urbana,15035646,ESCOLA ESTADUAL CRISTO REDENTOR,90,220,109,419,0.7,1.1,2.5,0.2,0.6,0.7,1.4
Ananindeua,Urbana,15515613,ESCOLA ESTADUAL CENTRO EDUCACIONAL AMAZONIA,214,0,0,214,2.5,0.0,0.0,2.5,0.0,0.0,2.5
Ananindeua,Urbana,15516954,ESCOLA ESTADUAL NAIR RODRIGUES DE CALDAS BRITO ZALUTH,207,0,0,207,2.5,0.0,0.0,2.5,0.0,0.0,2.5
Ananindeua,Urbana,15521117,ESCOLA ESTADUAL CONSUELO COELHO E SOUZA,0,304,437,741,0.0,2.5,1.5,0.0,1.0,0.9,1.9
Belém,Urbana,15034151,ESCOLA ESTADUAL JARDIM SIDERAL,0,285,57,342,0.0,2.5,0.0,0.0,2.1,0.0,2.1
Belém,Urbana,15035042,ESCOLA ESTADUAL ELCIONE BARBALHO,66,0,0,66,2.5,0.0,0.0,2.5,0.0,0.0,2.5
Belém,Urbana,15035239,ESCOLA ESTADUAL PEDRO MARQUES DE MESQUITA,228,0,0,228,3.5,0.0,0.0,3.5,0.0,0.0,3.5
Belém,Urbana,15037991,ESCOLA ESTADUAL CONEGO BATISTA CAMPOS,68,254,173,495,2.1,2.5,1.5,0.3,1.3,0.5,2.1
Belém,Urbana,15042480,ESCOLA ESTADUAL ALMIRANTE JOAO FARIA DE LIMA,97,156,40,293,2.0,0.5,0.0,0.7,0.3,0.0,0.9
Belém,Urbana,15042855,ESCOLA ESTADUAL DONA HELENA GUILHON,0,489,252,741,0.0,0.5,2.5,0.0,0.3,0.9,1.2
Belém,Urbana,15042898,ESCOLA ESTADUAL PROFA DILMA DE SOUZA CATTETE,0,0,106,106,0.0,0.0,3.5,0.0,0.0,3.5,3.5
Belém,Urbana,15521125,ESCOLA ESTADUAL ALEXANDRE NICOMEDES DA CUNHA,271,0,0,271,1.5,0.0,0.0,1.5,0.0,0.0,1.5
Belém,Urbana,15535304,ESCOLA ESTADUAL GENERAL HENRIQUE GURJAO,243,0,0,243,2.5,0.0,0.0,2.5,0.0,0.0,2.5
Belém,Urbana,15564371,ESCOLA ESTADUAL PROF NAGIB COELHO MATNI,0,441,269,710,0.0,2.5,2.5,0.0,1.6,0.9,2.5
Ananindeua,Urbana,15033945,ESCOLA ESTADUAL CINDERELA,249,0,0,249,1.8,0.0,0.0,1.8,0.0,0.0,1.8
Ananindeua,Urbana,15034321,ESCOLA ESTADUAL CANDIDO HORACIO EVELIN,169,236,0,405,1.9,2.5,0.0,0.8,1.5,0.0,2.2
Ananindeua,Urbana,15034399,ESCOLA ESTADUAL MADRE CELESTE,0,0,419,419,0.0,0.0,1.0,0.0,0.0,1.0,1.0
Ananindeua,Urbana,15034496,ESCOLA ESTADUAL PROFA MARIA ARAUJO FIGUEIREDO,0,121,158,279,0.0,1.5,0.7,0.0,0.7,0.4,1.0
Ananindeua,Urbana,15034569,ESCOLA ESTADUAL AGOSTINHO MONTEIRO,0,105,206,311,0.0,0.4,0.5,0.0,0.1,0.3,0.5
Ananindeua,Urbana,15034810,ESCOLA ESTADUAL GREGORIO DE ALMEIDA BRITO,382,0,0,382,1.1,0.0,0.0,1.1,0.0,0.0,1.1
Ananindeua,Urbana,15034828,ESCOLA ESTADUAL COMANDANTE LAURINDO CANDIDO AZEITONA,191,0,0,191,1.1,0.0,0.0,1.1,0.0,0.0,1.1
Ananindeua,Urbana,15034836,ESCOLA ESTADUAL PROF ZULIMA VERGOLINO DIAS,0,69,204,273,0.0,0.7,3.5,0.0,0.2,2.6,2.8
Ananindeua,Urbana,15034887,ESCOLA ESTADUAL RUI BARATA,258,0,0,258,2.5,0.0,0.0,2.5,0.0,0.0,2.5
Ananindeua,Urbana,15035662,ESCOLA ESTADUAL JORNALISTA ROMULO MAIORANA,0,475,877,1352,0.0,0.9,1.0,0.0,0.3,0.6,1.0
Ananindeua,Urbana,15140587,ESCOLA ESTADUAL MARIA DE NAZARE MARQUES RIOS,0,426,0,426,0.0,0.9,0.0,0.0,0.9,0.0,0.9
Ananindeua,Urbana,15154904,ESCOLA ESTADUAL ICUI LARANJEIRA,0,281,0,281,0.0,0.5,0.0,0.0,0.5,0.0,0.5
Ananindeua,Urbana,15520560,ESCOLA ESTADUAL PITAGORAS,0,0,413,413,0.0,0.0,0.7,0.0,0.0,0.7,0.7
Ananindeua,Urbana,15521150,ESCOLA ESTADUAL PADRE PIETRO GEROSA,284,0,0,284,2.3,0.0,0.0,2.3,0.0,0.0,2.3
Ananindeua,Urbana,15544850,ESCOLA ESTADUAL CONEGO BATISTA CAMPOS,174,0,0,174,2.5,0.0,0.0,2.5,0.0,0.0,2.5
Ananindeua,Urbana,15033864,ESCOLA ESTADUAL NOVO HORIZONTE,0,301,405,706,0.0,0.4,0.0,0.0,0.2,0.0,0.2
Ananindeua,Urbana,15034143,ESCOLA ESTADUAL PRINCIPE DA PAZ,0,222,104,326,0.0,0.2,0.8,0.0,0.1,0.3,0.4
Ananindeua,Urbana,15034348,ESCOLA ESTADUAL ANTONIO BEZERRA FALCAO,126,0,0,126,1.3,0.0,0.0,1.3,0.0,0.0,1.3
Ananindeua,Urbana,15034542,ESCOLA ESTADUAL BOM JARDIM,204,0,0,204,0.5,0.0,0.0,0.5,0.0,0.0,0.5
Ananindeua,Urbana,15034631,ESCOLA ESTADUAL JULIA SEFFER,0,359,361,720,0.0,2.5,1.1,0.0,1.2,0.6,1.8
Ananindeua,Urbana,15034658,ESCOLA ESTADUAL MARIA ENCARNACAO DE ARAUJO,0,87,0,87,0.0,2.5,0.0,0.0,2.5,0.0,2.5
Ananindeua,Urbana,15034674,ESCOLA ESTADUAL OSCARINA PENALBER,0,0,93,93,0.0,0.0,1.3,0.0,0.0,1.3,1.3
Ananindeua,Urbana,15034747,ESCOLA ESTADUAL RAMIRO OLAVO RIBEIRO DE CASTRO,0,0,265,265,0.0,0.0,1.3,0.0,0.0,1.3,1.3
Ananindeua,Urbana,15034780,ESCOLA ESTADUAL EROTILDES FROTA AGUIAR,0,110,719,829,0.0,0.5,0.4,0.0,0.1,0.3,0.4
Ananindeua,Urbana,15035581,ESCOLA ESTADUAL INSTITUTO BOM PASTOR,0,293,646,939,0.0,0.5,1.5,0.0,0.2,1.0,1.2
Ananindeua,Urbana,15035590,ESCOLA ESTADUAL JOAO XXIII,82,120,0,202,0.5,0.7,0.0,0.2,0.4,0.0,0.6
Ananindeua,Urbana,15143970,ESCOLA ESTADUAL NOVAS AGUAS LINDAS,147,192,0,339,0.5,0.5,0.0,0.2,0.3,0.0,0.5
Ananindeua,Urbana,15144801,ESCOLA ESTADUAL ENEIDA DE MORAES,0,137,193,330,0.0,0.0,0.0,0.0,0.0,0.0,0.0
Ananindeua,Urbana,15578038,ESCOLA ESTADUAL NAIR ZALUTH,0,331,0,331,0.0,0.8,0.0,0.0,0.8,0.0,0.8
Belém,Urbana,15035557,ESCOLA ESTADUAL RAINHA DA PAZ,0,278,226,504,0.0,0.6,0.7,0.0,0.3,0.3,0.6
Belém,Urbana,15043045,ESCOLA ESTADUAL EUCLIDES DA CUNHA,140,0,0,140,2.5,0.0,0.0,2.5,0.0,0.0,2.5
Belém,Urbana,15039242,ESCOLA ESTADUAL PROFA EMILIANA SARMENTO FERREIRA,128,0,0,128,1.5,0.0,0.0,1.5,0.0,0.0,1.5
Belém,Urbana,15040224,ESCOLA ESTADUAL SANTA LUZIA,0,366,0,366,0.0,0.7,0.0,0.0,0.7,0.0,0.7
Belém,Urbana,15040313,ESCOLA ESTADUAL GRAZIELA MOURA RIBEIRO,0,341,177,518,0.0,1.5,0.9,0.0,1.0,0.3,1.3
Belém,Urbana,15040445,ESCOLA ESTADUAL MARIO CARNEIRO DE MIRANDA,287,0,0,287,0.5,0.0,0.0,0.5,0.0,0.0,0.5
Belém,Urbana,15040470,ESCOLA ESTADUAL PROF ACY DE JESUS BARROS PEREIRA,115,169,183,467,0.5,0.5,0.9,0.1,0.2,0.4,0.7
Belém,Urbana,15040500,ESCOLA ESTADUAL PROFA ESTHER BANDEIRA GOMES,291,255,0,546,0.5,0.0,0.0,0.3,0.0,0.0,0.3
Belém,Urbana,15040518,ESCOLA ESTADUAL PROFA ROSALINA ALVARES SILVA CRUZ,545,0,0,545,1.3,0.0,0.0,1.3,0.0,0.0,1.3
Belém,Urbana,15041409,ESCOLA ESTADUAL SANTO AFONSO,469,527,0,996,2.3,0.5,0.0,1.1,0.3,0.0,1.3
Belém,Urbana,15041760,ESCOLA ESTADUAL SAO VICENTE DE PAULA,532,0,0,532,0.5,0.0,0.0,0.5,0.0,0.0,0.5
Belém,Urbana,15042936,ESCOLA ESTADUAL DR PAULO FONTELLES DE LIMA,0,356,429,785,0.0,2.1,0.8,0.0,1.0,0.4,1.4
Belém,Urbana,15043517,ESCOLA ESTADUAL PROF RENATO PINHEIRO CONDURU,0,0,100,100,0.0,0.0,2.5,0.0,0.0,2.5,2.5
Belém,Urbana,15043525,ESCOLA ESTADUAL EUNICE WEAVER,0,344,292,636,0.0,1.0,0.7,0.0,0.5,0.3,0.9
Belém,Urbana,15043533,ESCOLA ESTADUAL JONATHAS PONTES ATHIAS,117,411,0,528,2.2,0.7,0.0,0.5,0.5,0.0,1.0
Belém,Urbana,15043541,ESCOLA ESTADUAL NOSSA SENHORA DE FATIMA I,543,0,0,543,0.8,0.0,0.0,0.8,0.0,0.0,0.8
Belém,Urbana,15043550,ESCOLA ESTADUAL ALMIRANTE GUILLOBEL,348,769,0,1117,0.5,1.0,0.0,0.2,0.7,0.0,0.8
Belém,Urbana,15043568,ESCOLA ESTADUAL DOM PEDRO I,0,0,906,906,0.0,0.0,2.5,0.0,0.0,2.5,2.5
Belém,Urbana,15043576,ESCOLA ESTADUAL PRESIDENTE CASTELO BRANCO,125,518,0,643,2.5,2.5,0.0,0.5,2.0,0.0,2.5
Belém,Urbana,15161536,ESCOLA ESTADUAL NOSSA SENHORA DAS GRACAS,0,315,0,315,0.0,0.5,0.0,0.0,0.5,0.0,0.5
Belém,Urbana,15517683,ESCOLA ESTADUAL ESTRADA NOVA,27,286,0,313,1.5,0.0,0.0,0.1,0.0,0.0,0.1
Belém,Urbana,15552586,ESCOLA ESTADUAL PROF ANTONIO GOMES MOREIRA JUNIOR,0,297,200,497,0.0,0.7,1.4,0.0,0.4,0.6,1.0
Belém,Urbana,15552594,ESCOLA ESTADUAL RUY PARANATINGA BARATA,413,0,0,413,0.9,0.0,0.0,0.9,0.0,0.0,0.9
Belém,Urbana,15573206,ESCOLA ESTADUAL SANTA LUZIA DE MARILAC,408,0,0,408,2.3,0.0,0.0,2.3,0.0,0.0,2.3
Belém,Urbana,15580768,ESCOLA ESTADUAL PRATINHA II,528,0,0,528,1.5,0.0,0.0,1.5,0.0,0.0,1.5
Belém,Urbana,15037126,ESCOLA ESTADUAL MORADORES VILA NOVA P MOURA CARVALHO,255,0,0,255,0.7,0.0,0.0,0.7,0.0,0.0,0.7
Belém,Urbana,15038505,ESCOLA ESTADUAL SANTA MARIA DE BELEM,0,0,621,621,0.0,0.0,0.0,0.0,0.0,0.0,0.0
Belém,Urbana,15038696,ESCOLA ESTADUAL MARLUCE PACHECO FERREIRA,275,0,0,275,2.5,0.0,0.0,2.5,0.0,0.0,2.5
Belém,Urbana,15039617,ESCOLA ESTADUAL CALDEIRA CASTELO BRANCO,0,261,0,261,0.0,2.5,0.0,0.0,2.5,0.0,2.5
Belém,Urbana,15039668,ESCOLA ESTADUAL ARTHUR PORTO,194,397,52,643,0.7,0.5,0.5,0.2,0.3,0.0,0.6
Belém,Urbana,15039684,ESCOLA ESTADUAL PADRE BENEDITO CHAVES,0,264,180,444,0.0,0.5,0.5,0.0,0.3,0.2,0.5
Belém,Urbana,15039757,ESCOLA ESTADUAL PROFA PLACIDIA CARDOSO,0,66,212,278,0.0,0.7,2.5,0.0,0.2,1.9,2.1
Belém,Urbana,15039960,ESCOLA ESTADUAL GENERAL GURJAO,174,172,0,346,0.7,0.5,0.0,0.4,0.2,0.0,0.6
Belém,Urbana,15040054,ESCOLA ESTADUAL JOSE VERISSIMO,0,177,166,343,0.0,2.5,2.5,0.0,1.3,1.2,2.5
Belém,Urbana,15040143,ESCOLA ESTADUAL S PROF CAMILO SALGADO,0,426,550,976,0.0,0.2,0.0,0.0,0.1,0.0,0.1
Belém,Urbana,15040186,ESCOLA ESTADUAL RUI BARBOSA,0,97,0,97,0.0,1.5,0.0,0.0,1.5,0.0,1.5
Belém,Urbana,15040364,COLEGIO ESTADUAL PAES DE CARVALHO,0,0,1371,1371,0.0,0.0,1.1,0.0,0.0,1.1,1.1
Belém,Urbana,15041352,ESCOLA ESTADUAL PAULA FRASSINETTI,209,0,0,209,2.5,0.0,0.0,2.5,0.0,0.0,2.5
Belém,Urbana,15041395,ESCOLA ESTADUAL SAO PIO X,477,0,0,477,1.1,0.0,0.0,1.1,0.0,0.0,1.1
Belém,Urbana,15041425,ESCOLA ESTADUAL TIRADENTES I,184,469,0,653,1.3,0.2,0.0,0.4,0.1,0.0,0.5
Belém,Urbana,15041794,INSTITUTO DE EDUCACAO DO ESTADO DO PARA,0,0,391,391,0.0,0.0,0.9,0.0,0.0,0.9,0.9
Belém,Urbana,15140682,ESCOLA ESTADUAL BENEDITO CHAVES MENDES SEARA,174,0,0,174,2.5,0.0,0.0,2.5,0.0,0.0,2.5
Belém,Urbana,15523845,ESCOLA ESTADUAL DAVID SALOMAO MUFARREJ,0,0,216,216,0.0,0.0,0.5,0.0,0.0,0.5,0.5
Belém,Urbana,15039170,ESCOLA ESTADUAL BENTO XV,259,0,0,259,0.5,0.0,0.0,0.5,0.0,0.0,0.5
Belém,Urbana,15039226,ESCOLA ESTADUAL MARIA LUIZA VELLA ALVES,281,0,0,281,1.7,0.0,0.0,1.7,0.0,0.0,1.7
Belém,Urbana,15039544,ESCOLA ESTADUAL DONA ALZIRA TEIXEIRA DE SOUZA,148,0,0,148,2.5,0.0,0.0,2.5,0.0,0.0,2.5
Belém,Urbana,15039552,ESCOLA ESTADUAL AMILCAR ALVES TUPIASSU,0,274,208,482,0.0,0.0,0.1,0.0,0.0,0.0,0.0
Belém,Urbana,15039692,ESCOLA ESTADUAL AMAZONAS DE FIGUEIREDO,221,0,0,221,0.8,0.0,0.0,0.8,0.0,0.0,0.8
Belém,Urbana,15039749,ESCOLA ESTADUAL PROF JOAO RENATO FRANCO,208,0,0,208,2.5,0.0,0.0,2.5,0.0,0.0,2.5
Belém,Urbana,15039765,ESCOLA ESTADUAL MONSENHOR AZEVEDO,0,355,0,355,0.0,0.8,0.0,0.0,0.8,0.0,0.8
Belém,Urbana,15039790,ESCOLA ESTADUAL STELIO MAROJA,294,0,0,294,2.5,0.0,0.0,2.5,0.0,0.0,2.5
Belém,Urbana,15039811,ESCOLA ESTADUAL PROFA ANTONIA PAES DA SILVA,82,354,0,436,1.1,0.7,0.0,0.2,0.6,0.0,0.8
Belém,Urbana,15039927,ESCOLA ESTADUAL DR MARIO CHERMONT,0,166,62,228,0.0,0.5,2.5,0.0,0.4,0.7,1.0
Belém,Urbana,15039951,ESCOLA ESTADUAL FREI DANIEL,0,500,439,939,0.0,0.5,0.5,0.0,0.3,0.2,0.5
Belém,Urbana,15039986,ESCOLA ESTADUAL GONCALO DUARTE,0,178,0,178,0.0,2.5,0.0,0.0,2.5,0.0,2.5
Belém,Urbana,15040151,ESCOLA ESTADUAL PROFA NORMA MORHY,125,0,0,125,0.9,0.0,0.0,0.9,0.0,0.0,0.9
Belém,Urbana,15040291,ESCOLA ESTADUAL PROF RUTH ROSITA DE NAZARE GONZALES,0,276,226,502,0.0,2.5,0.0,0.0,1.4,0.0,1.4
Belém,Urbana,15040321,ESCOLA ESTADUAL DR ANIBAL DUARTE,0,138,0,138,0.0,1.5,0.0,0.0,1.5,0.0,1.5
Belém,Urbana,15040356,ESCOLA ESTADUAL EDGAR PINHEIRO PORTO,0,0,180,180,0.0,0.0,0.5,0.0,0.0,0.5,0.5
Belém,Urbana,15040488,ESCOLA ESTADUAL PROFA CELINA ANGLADA,232,0,0,232,2.1,0.0,0.0,2.1,0.0,0.0,2.1
Belém,Urbana,15041310,ESCOLA ESTADUAL HUMBERTO DE CAMPOS,409,0,0,409,0.9,0.0,0.0,0.9,0.0,0.0,0.9
Belém,Urbana,15041328,ESCOLA ESTADUAL LAR DE MARIA,243,0,0,243,0.5,0.0,0.0,0.5,0.0,0.0,0.5
Belém,Urbana,15041344,ESCOLA ESTADUAL NOSSA SENHORA DAS GRACAS GUAMA,268,0,0,268,1.8,0.0,0.0,1.8,0.0,0.0,1.8
Belém,Urbana,15516539,ESCOLA ESTADUAL MONTE SERRAT,182,0,0,182,2.3,0.0,0.0,2.3,0.0,0.0,2.3
Belém,Urbana,15039498,ESCOLA ESTADUAL PROF WALDEMAR RIBEIRO,103,336,0,439,0.7,2.5,0.0,0.2,1.9,0.0,2.1
Belém,Urbana,15039501,ESCOLA ESTADUAL VERA SIMPLICIO,226,0,0,226,1.6,0.0,0.0,1.6,0.0,0.0,1.6
Belém,Urbana,15039587,ESCOLA ESTADUAL AUGUSTO MONTENEGRO,0,116,47,163,0.0,2.5,1.0,0.0,1.8,0.3,2.1
Belém,Urbana,15039595,ESCOLA ESTADUAL BARAO DO RIO BRANCO,275,206,10,491,0.0,0.7,0.0,0.0,0.3,0.0,0.3
Belém,Urbana,15039609,ESCOLA ESTADUAL BENJAMIN CONSTANT,0,177,103,280,0.0,0.5,1.5,0.0,0.3,0.6,0.9
Belém,Urbana,15039641,ESCOLA ESTADUAL DEODORO DE MENDONCA,0,0,406,406,0.0,0.0,0.0,0.0,0.0,0.0,0.0
Belém,Urbana,15039676,ESCOLA ESTADUAL DR JUSTO CHERMONT,0,526,536,1062,0.0,0.0,0.0,0.0,0.0,0.0,0.0
Belém,Urbana,15039730,ESCOLA ESTADUAL MAROJA NETO,0,87,0,87,0.0,0.5,0.0,0.0,0.5,0.0,0.5
Belém,Urbana,15039919,ESCOLA ESTADUAL DR FREITAS,0,253,144,397,0.0,1.5,0.0,0.0,1.0,0.0,1.0
Belém,Urbana,15040097,ESCOLA ESTADUAL PINTO MARQUES,0,173,0,173,0.0,0.8,0.0,0.0,0.8,0.0,0.8
Belém,Urbana,15040380,ESCOLA ESTADUAL DR ULYSSES GUIMARAES,0,0,426,426,0.0,0.0,0.5,0.0,0.0,0.5,0.5
Belém,Urbana,15040402,ESCOLA ESTADUAL JOSE ALVES MAIA,304,537,349,1190,0.5,0.0,0.0,0.1,0.0,0.0,0.1
Belém,Urbana,15040534,ESCOLA ESTADUAL RODRIGUES PINAGE,193,240,201,634,0.8,0.5,0.5,0.2,0.2,0.2,0.6
Belém,Urbana,15577791,ESCOLA ESTADUAL MAGALHAES BARATA,0,0,807,807,0.0,0.0,0.0,0.0,0.0,0.0,0.0
Belém,Urbana,15038769,ESCOLA ESTADUAL BARAO DE IGARAPE MIRI,0,579,489,1068,0.0,0.0,0.0,0.0,0.0,0.0,0.0
Belém,Urbana,15038815,ESCOLA ESTADUAL MADRE ZARIFE SALES,0,312,0,312,0.0,0.5,0.0,0.0,0.5,0.0,0.5
Belém,Urbana,15038874,ESCOLA ESTADUAL PROF VIRGILIO LIBONATI,149,0,0,149,0.8,0.0,0.0,0.8,0.0,0.0,0.8
Belém,Urbana,15039480,ESCOLA ESTADUAL ALEXANDRE ZACARIAS DE ASSUNCAO,0,0,928,928,0.0,0.0,2.5,0.0,0.0,2.5,2.5
Belém,Urbana,15039633,ESCOLA ESTADUAL ACACIO FELICIO SOBRAL,137,240,230,607,0.7,2.3,2.5,0.2,0.9,0.9,2.0
Belém,Urbana,15039706,ESCOLA ESTADUAL AUGUSTO OLIMPIO,71,281,257,609,1.0,2.5,2.5,0.1,1.2,1.1,2.3
Belém,Urbana,15039722,ESCOLA ESTADUAL DOMINGOS ACATAUASSU NUNES,97,120,0,217,1.8,1.3,0.0,0.8,0.7,0.0,1.5
Belém,Urbana,15039773,ESCOLA ESTADUAL SANTOS DUMONT,204,272,134,610,0.5,0.6,0.0,0.2,0.3,0.0,0.4
Belém,Urbana,15040046,ESCOLA ESTADUAL JOSE BONIFACIO,0,158,0,158,0.0,3.5,0.0,0.0,3.5,0.0,3.5
Belém,Urbana,15040070,ESCOLA ESTADUAL MATEUS DO CARMO,347,0,0,347,0.5,0.0,0.0,0.5,0.0,0.0,0.5
Belém,Urbana,15040089,ESCOLA ESTADUAL PAULO MARANHAO,0,90,0,90,0.0,2.5,0.0,0.0,2.5,0.0,2.5
Belém,Urbana,15040305,ESCOLA ESTADUAL BRIGADEIRO FONTENELLE,0,750,587,1337,0.0,2.5,0.9,0.0,1.4,0.4,1.8
Belém,Urbana,15041301,ESCOLA ESTADUAL FONTE VIVA,222,0,0,222,2.5,0.0,0.0,2.5,0.0,0.0,2.5
Belém,Urbana,15041379,ESCOLA ESTADUAL ROSA GATTORNO,444,0,0,444,2.5,0.0,0.0,2.5,0.0,0.0,2.5
Belém,Urbana,15140711,ESCOLA ESTADUAL MARIO BARBOSA,0,154,191,345,0.0,0.9,1.5,0.0,0.4,0.8,1.2
Belém,Urbana,15149218,ESCOLA ESTADUAL BIRA BARBOSA,159,0,0,159,1.1,0.0,0.0,1.1,0.0,0.0,1.1
Belém,Urbana,15171671,ESCOLA ESTADUAL NUREMBERG BORJA DE BRITO FILHO,147,449,0,596,0.5,0.5,0.0,0.1,0.4,0.0,0.5
Belém,Urbana,15573613,ESCOLA ESTADUAL XV DE OUTUBRO - GUAMA,192,273,0,465,2.5,2.5,0.0,1.0,1.5,0.0,2.5
Ananindeua,Urbana,15033970,ESCOLA ESTADUAL C MAES NOSSA SENHORA APAR PARQUE S FRANCISCO,163,0,0,163,1.5,0.0,0.0,1.5,0.0,0.0,1.5
Ananindeua,Urbana,15034461,ESCOLA ESTADUAL PROFA EUGENIA CAVALLEIRO DE MACEDO,0,212,0,212,0.0,1.3,0.0,0.0,1.3,0.0,1.3
Ananindeua,Urbana,15034607,ESCOLA ESTADUAL JADERLANDIA,0,252,232,484,0.0,1.0,1.3,0.0,0.5,0.6,1.1
Ananindeua,Urbana,15034771,ESCOLA ESTADUAL PRINCESA ISABEL - ATALAIA,50,274,348,672,0.5,2.5,0.5,0.0,1.0,0.3,1.3
Ananindeua,Urbana,15535134,ESCOLA ESTADUAL SAO VICENTE,163,0,0,163,1.8,0.0,0.0,1.8,0.0,0.0,1.8
Belém,Urbana,15035220,ESCOLA ESTADUAL PE ORIONE,30,115,59,204,0.6,1.5,0.0,0.1,0.8,0.0,0.9
Belém,Urbana,15037215,ESCOLA ESTADUAL PROF FRANCISCO DA SILVA NUNES,0,0,551,551,0.0,0.0,0.6,0.0,0.0,0.6,0.6
Belém,Urbana,15039250,ESCOLA ESTADUAL PROFA HILDA VIEIRA,0,143,0,143,0.0,2.5,0.0,0.0,2.5,0.0,2.5
Belém,Urbana,15039285,ESCOLA ESTADUAL VIRGINIA ALVES DA CUNHA,225,0,0,225,2.3,0.0,0.0,2.3,0.0,0.0,2.3
Belém,Urbana,15039536,ESCOLA ESTADUAL ALMIRANTE TAMANDARE,173,386,0,559,2.5,2.5,0.0,0.8,1.7,0.0,2.5
Belém,Urbana,15039625,ESCOLA ESTADUAL CORNELIO DE BARROS,0,0,318,318,0.0,0.0,2.5,0.0,0.0,2.5,2.5
Belém,Urbana,15039870,ESCOLA ESTADUAL CABANAGEM,103,0,0,103,0.8,0.0,0.0,0.8,0.0,0.0,0.8
Belém,Urbana,15039900,ESCOLA ESTADUAL DR CARLOS GUIMARAES,222,0,0,222,1.5,0.0,0.0,1.5,0.0,0.0,1.5
Belém,Urbana,15039935,ESCOLA ESTADUAL DUQUE DE CAXIAS,0,100,75,175,0.0,1.3,2.5,0.0,0.7,1.1,1.8
Belém,Urbana,15040003,ESCOLA ESTADUAL JARBAS PASSARINHO - SOUZA,0,228,176,404,0.0,2.5,2.0,0.0,1.4,0.9,2.3
Belém,Urbana,15040178,ESCOLA ESTADUAL PROFA LEONOR NOGUEIRA,443,0,0,443,1.1,0.0,0.0,1.1,0.0,0.0,1.1
Belém,Urbana,15040461,ESCOLA ESTADUAL PRESIDENTE COSTA E SILVA,0,326,223,549,0.0,0.9,2.5,0.0,0.5,1.0,1.5
Belém,Urbana,15040526,ESCOLA ESTADUAL PROF TEMISTOCLES DE ARAUJO,0,109,147,256,0.0,0.0,1.0,0.0,0.0,0.6,0.6
Belém,Urbana,15043096,ESCOLA ESTADUAL PROF MARIDALVA PANTOJA,238,0,0,238,1.0,0.0,0.0,1.0,0.0,0.0,1.0
Belém,Urbana,15037223,ESCOLA ESTADUAL CASA DA CRIANCA SANTA INES,290,0,0,290,2.0,0.0,0.0,2.0,0.0,0.0,2.0
Belém,Urbana,15038378,ESCOLA ESTADUAL PEDRO AMAZONAS PEDROSO,0,0,919,919,0.0,0.0,0.9,0.0,0.0,0.9,0.9
Belém,Urbana,15038700,ESCOLA ESTADUAL VISCONDE DE SOUZA FRANCO,0,0,353,353,0.0,0.0,1.5,0.0,0.0,1.5,1.5
Belém,Urbana,15039234,ESCOLA ESTADUAL PAULINO DE BRITO,0,185,267,452,0.0,1.1,2.5,0.0,0.5,1.5,1.9
Belém,Urbana,15039510,ESCOLA ESTADUAL PROFA ANESIA,0,284,0,284,0.0,1.0,0.0,0.0,1.0,0.0,1.0
Belém,Urbana,15039650,ESCOLA ESTADUAL LAURO SODRE,0,184,333,517,0.0,1.5,1.5,0.0,0.5,1.0,1.5
Belém,Urbana,15039714,ESCOLA ESTADUAL DOM PEDRO II,0,178,131,309,0.0,2.5,1.5,0.0,1.4,0.6,2.1
Belém,Urbana,15040011,ESCOLA ESTADUAL JARBAS PASSARINHO,101,294,309,704,0.5,3.5,1.3,0.1,1.5,0.6,2.1
Belém,Urbana,15040208,ESCOLA ESTADUAL RUTH PASSARINHO,173,77,0,250,2.5,0.0,0.0,1.7,0.0,0.0,1.7
Belém,Urbana,15040348,ESCOLA ESTADUAL AUGUSTO MEIRA,0,0,239,239,0.0,0.0,1.3,0.0,0.0,1.3,1.3
Belém,Urbana,15040429,ESCOLA ESTADUAL MAL CORDEIRO DE FARIAS,0,146,160,306,0.0,1.5,2.5,0.0,0.7,1.3,2.0
Belém,Urbana,15040437,ESCOLA ESTADUAL MANOEL DE JESUS MORAES,124,89,74,287,0.5,0.6,0.5,0.2,0.2,0.1,0.5
Belém,Urbana,15040496,ESCOLA ESTADUAL PROFA DONATILA SANTANA LOPES,189,219,0,408,1.8,2.5,0.0,0.8,1.3,0.0,2.2
Belém,Urbana,15041247,ESCOLA ESTADUAL NOSSA SENHORA DA CONCEICAO APARECIDA,564,0,0,564,2.5,0.0,0.0,2.5,0.0,0.0,2.5
Belém,Urbana,15041360,ESCOLA ESTADUAL PREVENTORIO SANTA TEREZINHA,335,0,0,335,2.5,0.0,0.0,2.5,0.0,0.0,2.5
Belém,Urbana,15041387,ESCOLA ESTADUAL SALESIANA DO TRABALHO,0,750,423,1173,0.0,2.5,0.5,0.0,1.6,0.2,1.8
Belém,Urbana,15041417,ESCOLA ESTADUAL SANTO AGOSTINHO,300,0,0,300,2.5,0.0,0.0,2.5,0.0,0.0,2.5
Belém,Urbana,15562220,ESCOLA ESTADUAL PROFA ALBANIZIA DE OLIVEIRA LIMA,0,0,1043,1043,0.0,0.0,2.5,0.0,0.0,2.5,2.5
Belém,Urbana,15039528,ESCOLA ESTADUAL ALDEBARO KLAUTAU,0,189,812,1001,0.0,1.3,2.5,0.0,0.2,2.0,2.3
Belém,Urbana,15042286,ESCOLA ESTADUAL SAO JERONIMO,234,0,0,234,0.7,0.0,0.0,0.7,0.0,0.0,0.7
Belém,Urbana,15042529,ESCOLA ESTADUAL PADRE FRANCISCO BERTON,0,631,68,699,0.0,1.1,0.7,0.0,1.0,0.1,1.1
Belém,Urbana,15042537,ESCOLA ESTADUAL MARILDA NUNES,0,569,0,569,0.0,0.8,0.0,0.0,0.8,0.0,0.8
Belém,Urbana,15042570,ESCOLA ESTADUAL CIDADE DE EMAUS,0,141,82,223,0.0,0.8,0.2,0.0,0.5,0.1,0.6
Belém,Urbana,15042600,ESCOLA ESTADUAL SAO FRANCISCO DE ASSIS,254,0,0,254,2.3,0.0,0.0,2.3,0.0,0.0,2.3
Belém,Urbana,15042626,ESCOLA ESTADUAL NOSSA SENHORA DO CARMO,0,476,358,834,0.0,2.5,2.5,0.0,1.4,1.1,2.5
Belém,Urbana,15042693,ESCOLA ESTADUAL AMERICO SOUZA DE OLIVEIRA,313,0,0,313,1.1,0.0,0.0,1.1,0.0,0.0,1.1
Belém,Urbana,15042804,ESCOLA ESTADUAL SUBOFICIAL EDVALDO BRANDAO DE JESUS,0,301,244,545,0.0,0.6,0.7,0.0,0.3,0.3,0.6
Belém,Urbana,15042944,ESCOLA ESTADUAL PROFA MARIA LUIZA DA COSTA REGO,0,319,300,619,0.0,1.3,0.5,0.0,0.7,0.2,0.9
Belém,Urbana,15043150,ESCOLA ESTADUAL CRISTA DO BENGUI,266,0,0,266,1.1,0.0,0.0,1.1,0.0,0.0,1.1
Belém,Urbana,15043207,ESCOLA ESTADUAL SANTA BARBARA,209,0,0,209,1.0,0.0,0.0,1.0,0.0,0.0,1.0
Belém,Urbana,15137023,ESCOLA ESTADUAL BENEDITO MONTEIRO,238,0,0,238,2.5,0.0,0.0,2.5,0.0,0.0,2.5
Belém,Urbana,15140628,ESCOLA ESTADUAL WALDOMIRO RODRIGUES OLIVEIRA,244,0,0,244,0.5,0.0,0.0,0.5,0.0,0.0,0.5
Belém,Urbana,15156478,ESCOLA ESTADUAL LINDANOR CELINA COELHO CASSHA,204,0,0,204,0.5,0.0,0.0,0.5,0.0,0.0,0.5
Belém,Urbana,15517691,ESCOLA ESTADUAL PROFA CLAUDINE GABRIELE LIMA E SILVA,292,0,0,292,2.5,0.0,0.0,2.5,0.0,0.0,2.5
Belém,Urbana,15517900,ESCOLA ESTADUAL WALDEMAR HENRIQUE,0,410,447,857,0.0,0.2,0.0,0.0,0.1,0.0,0.1
Belém,Urbana,15522938,ESCOLA ESTADUAL JARDIM RESIDENCIAL JADERLAR,198,0,0,198,0.5,0.0,0.0,0.5,0.0,0.0,0.5
Belém,Urbana,15574156,ESCOLA ESTADUAL NOSSA SENHORA DE GUADALUPE,0,695,0,695,0.0,0.5,0.0,0.0,0.5,0.0,0.5
Belém,Urbana,15581918,ESCOLA ESTADUAL DR MARIA ESTER MOUTA DE OLIVEIRA,256,0,0,256,0.7,0.0,0.0,0.7,0.0,0.0,0.7
Belém,Urbana,15586227,ESCOLA ESTADUAL DR JOSE MARCIO AYRES,0,388,579,967,0.0,0.5,1.5,0.0,0.2,0.9,1.1
Belém,Urbana,15586979,ESCOLA ESTADUAL CANARINHO,260,0,0,260,0.5,0.0,0.0,0.5,0.0,0.0,0.5
Ananindeua,Urbana,15035620,ESCOLA ESTADUAL CARLOS DRUMMOND DE ANDRADE,316,332,0,648,0.5,2.5,0.0,0.2,1.3,0.0,1.5
Belém,Urbana,15034682,ESCOLA ESTADUAL PEDRO CARNEIRO,337,0,0,337,0.8,0.0,0.0,0.8,0.0,0.0,0.8
Belém,Urbana,15034739,ESCOLA ESTADUAL MARIA GABRIELA RAMOS DE OLIVEIRA,0,668,155,823,0.0,0.0,0.4,0.0,0.0,0.1,0.1
Belém,Urbana,15039803,ESCOLA ESTADUAL PROF SANTANA MARQUES,0,317,679,996,0.0,0.0,0.5,0.0,0.0,0.3,0.3
Belém,Urbana,15042324,ESCOLA ESTADUAL PROF PALMIRA GABRIEL,0,702,545,1247,0.0,0.5,0.9,0.0,0.3,0.4,0.7
Belém,Urbana,15042472,ESCOLA ESTADUAL SANTA RITA DE CASSIA,214,0,0,214,2.5,0.0,0.0,2.5,0.0,0.0,2.5
Belém,Urbana,15042499,ESCOLA ESTADUAL TENONE,0,654,0,654,0.0,0.9,0.0,0.0,0.9,0.0,0.9
Belém,Urbana,15042669,ESCOLA ESTADUAL VEREADOR MANOEL MATOS COSTA,281,0,0,281,2.5,0.0,0.0,2.5,0.0,0.0,2.5
Belém,Urbana,15042790,ESCOLA ESTADUAL PROFA ODETE MARVAO,271,0,0,271,0.5,0.0,0.0,0.5,0.0,0.0,0.5
Belém,Urbana,15042839,ESCOLA ESTADUAL XV DE NOVEMBRO,300,0,0,300,0.5,0.0,0.0,0.5,0.0,0.0,0.5
Belém,Urbana,15043193,ESCOLA ESTADUAL PADRE JOSE GRISMONT,110,0,0,110,2.3,0.0,0.0,2.3,0.0,0.0,2.3
Belém,Urbana,15139581,ESCOLA ESTADUAL PROF LENIRA TEIXEIRA MOURA,307,0,0,307,0.8,0.0,0.0,0.8,0.0,0.0,0.8
Belém,Urbana,15140657,ESCOLA ESTADUAL SAO PEDRO,23,323,0,346,0.5,0.5,0.0,0.0,0.5,0.0,0.5
Belém,Urbana,15140664,ESCOLA ESTADUAL PANORAMA XXI,0,462,0,462,0.0,2.5,0.0,0.0,2.5,0.0,2.5
Belém,Urbana,15148955,ESCOLA ESTADUAL FE EM DEUS,53,309,226,588,2.5,1.3,2.5,0.2,0.7,1.0,1.9
Belém,Urbana,15152448,ESCOLA ESTADUAL RAINHA DOS CORACOES,317,0,0,317,0.9,0.0,0.0,0.9,0.0,0.0,0.9
Belém,Urbana,15165930,ESCOLA ESTADUAL MANOEL LEITE CARNEIRO,0,0,402,402,0.0,0.0,0.9,0.0,0.0,0.9,0.9
Belém,Urbana,15212203,ESCOLA ESTADUAL RAYMUNDO MARTINS VIANNA,0,0,930,930,0.0,0.0,0.9,0.0,0.0,0.9,0.9
Belém,Urbana,15535347,ESCOLA ESTADUAL PROFA RUTH DOS SANTOS ALMEIDA,0,0,424,424,0.0,0.0,2.5,0.0,0.0,2.5,2.5
Belém,Urbana,15537617,ESCOLA ESTADUAL MARIA ESTELITA BARBOSA DA SILVA,240,0,0,240,2.5,0.0,0.0,2.5,0.0,0.0,2.5
Belém,Urbana,15572102,ESCOLA ESTADUAL PARACURI II,349,0,0,349,2.1,0.0,0.0,2.1,0.0,0.0,2.1
Belém,Urbana,15040569,ESCOLA ESTADUAL TEODORA BENTES,0,597,570,1167,0.0,0.5,0.5,0.0,0.3,0.2,0.5
Belém,Urbana,15042294,ESCOLA ESTADUAL PROFA GUAJARINA DE SOUZA DA SILVA,390,0,0,390,2.5,0.0,0.0,2.5,0.0,0.0,2.5
Belém,Urbana,15042510,ESCOLA ESTADUAL NOSSA SENHORA DA CONCEICAO,231,0,0,231,0.2,0.0,0.0,0.2,0.0,0.0,0.2
Belém,Urbana,15042618,ESCOLA ESTADUAL RODOLFO TOURINHO,493,0,0,493,2.5,0.0,0.0,2.5,0.0,0.0,2.5
Belém,Urbana,15042634,ESCOLA ESTADUAL GENY GABRIEL AMARAL,0,440,0,440,0.0,2.5,0.0,0.0,2.5,0.0,2.5
Belém,Urbana,15042650,ESCOLA ESTADUAL MARIA ANTONIETA SERRA FREIRE,0,367,385,752,0.0,0.3,0.6,0.0,0.1,0.3,0.5
Belém,Urbana,15042677,ESCOLA ESTADUAL BRASILIA,112,379,454,945,0.7,0.5,0.5,0.1,0.2,0.2,0.5
Belém,Urbana,15042766,ESCOLA ESTADUAL COLONIA DO FIDELIS,0,65,31,96,0.0,0.5,0.0,0.0,0.3,0.0,0.3
Belém,Urbana,15042782,ESCOLA ESTADUAL DO OUTEIRO,0,174,670,844,0.0,0.0,0.0,0.0,0.0,0.0,0.0
Belém,Urbana,15042812,ESCOLA ESTADUAL YOLANDA LEDUC PERALTA,0,270,0,270,0.0,0.5,0.0,0.0,0.5,0.0,0.5
Belém,Urbana,15042820,ESCOLA ESTADUAL CEL SARMENTO,0,0,565,565,0.0,0.0,0.0,0.0,0.0,0.0,0.0
Belém,Urbana,15042863,ESCOLA ESTADUAL IZABEL DOS SANTOS DIAS,166,320,294,780,0.5,0.9,0.7,0.1,0.4,0.3,0.7
Belém,Urbana,15042880,ESCOLA ESTADUAL PROF PORANGA JUCA,162,346,262,770,0.8,2.5,0.4,0.2,1.1,0.1,1.4
Belém,Urbana,15042928,ESCOLA ESTADUAL AVERTANO ROCHA,0,0,418,418,0.0,0.0,1.5,0.0,0.0,1.5,1.5
Belém,Urbana,15043142,ESCOLA ESTADUAL SAO JOAO BATISTA,223,0,0,223,2.5,0.0,0.0,2.5,0.0,0.0,2.5
Belém,Urbana,15043185,ESCOLA ESTADUAL NOSSA SENHORA DE FATIMA II,354,0,0,354,1.8,0.0,0.0,1.8,0.0,0.0,1.8
Belém,Urbana,15148947,ESCOLA ESTADUAL FELIZ LUZITANIA,0,469,0,469,0.0,1.1,0.0,0.0,1.1,0.0,1.1
Belém,Urbana,15180662,ESCOLA ESTADUAL DE ENSINO INTEGRAL BILINGUE MESTRA IDALINA RODRIGUES PEREIRA,0,210,147,357,0.0,1.5,1.5,0.0,0.9,0.6,1.5
Belém,Urbana,15567788,ESCOLA ESTADUAL PROF JORGE LOPES RAPOSO,0,0,1026,1026,0.0,0.0,0.5,0.0,0.0,0.5,0.5
Belém,Urbana,15573702,ESCOLA ESTADUAL FRANKLIN DE MENEZES,141,244,0,385,2.4,2.4,0.0,0.9,1.5,0.0,2.4
Belém,Urbana,15573710,ESCOLA ESTADUAL CRUZEIRO DO SUL,142,427,0,569,1.7,0.6,0.0,0.4,0.5,0.0,0.9
Benevides,Rural,15043746,ESCOLA ESTADUAL DA TERCEIRA TRAVESSA,62,33,20,115,0.0,2.5,0.0,0.0,0.7,0.0,0.7
Benevides,Urbana,15043657,ESCOLA ESTADUAL CENECISTA FRANCOIS PAUL BEGOT,0,357,78,435,0.0,0.5,0.0,0.0,0.4,0.0,0.4
Benevides,Urbana,15043720,ESCOLA ESTADUAL PROF ANA TELES,0,0,681,681,0.0,0.0,0.5,0.0,0.0,0.5,0.5
Benevides,Urbana,15043738,ESCOLA ESTADUAL PROF DEUSARINA NASCIMENTO SOUZA,0,109,43,152,0.0,1.1,0.0,0.0,0.8,0.0,0.8
Benevides,Urbana,15043762,ESCOLA ESTADUAL DE CANUTAMA,0,165,0,165,0.0,0.5,0.0,0.0,0.5,0.0,0.5
Benevides,Urbana,15043789,ESCOLA ESTADUAL DR OTAVIO MEIRA,0,0,653,653,0.0,0.0,1.0,0.0,0.0,1.0,1.0
Benevides,Urbana,15043983,ESCOLA ESTADUAL JOAO BATISTA DE MOURA CARVALHO,0,217,131,348,0.0,0.5,0.7,0.0,0.3,0.3,0.6
Benevides,Urbana,15043991,ESCOLA ESTADUAL LEAO IRINEU HAUSSLER DELGADO,0,191,0,191,0.0,0.5,0.0,0.0,0.5,0.0,0.5
Benevides,Urbana,15044009,ESCOLA ESTADUAL DE MURININ,0,459,195,654,0.0,0.7,0.0,0.0,0.5,0.0,0.5
Benevides,Urbana,15170101,ANEXO EE LEAO IRINEU HAUSSLER DELGADO - SANTA MARIA,0,121,0,121,0.0,0.5,0.0,0.0,0.5,0.0,0.5
Benevides,Urbana,15523322,ESCOLA ESTADUAL PADRE JOSIMO TAVARES,0,301,0,301,0.0,0.5,0.0,0.0,0.5,0.0,0.5
Benevides,Urbana,15586316,ESCOLA ESTADUAL PROF RUTH GUIMARAES FERREIRA,0,0,489,489,0.0,0.0,0.7,0.0,0.0,0.7,0.7
Marituba,Urbana,15034429,ESCOLA ESTADUAL FERNANDO FERRARI,0,0,762,762,0.0,0.0,0.9,0.0,0.0,0.9,0.9
Marituba,Urbana,15034488,ESCOLA ESTADUAL PROF JOSE EDMUNDO QUEIROZ,0,0,693,693,0.0,0.0,2.5,0.0,0.0,2.5,2.5
Marituba,Urbana,15034690,ESCOLA ESTADUAL PRESIDENTE DUTRA,0,59,71,130,0.0,0.5,0.0,0.0,0.2,0.0,0.2
Marituba,Urbana,15043630,ESCOLA ESTADUAL SANTA TEREZA DAVILA,0,0,539,539,0.0,0.0,0.5,0.0,0.0,0.5,0.5
Marituba,Urbana,15043967,ESCOLA ESTADUAL DOM CALABRIA,0,0,351,351,0.0,0.0,0.5,0.0,0.0,0.5,0.5
Marituba,Urbana,15140591,ESCOLA ESTADUAL NOSSA SENHORA DO ROSARIO,0,0,550,550,0.0,0.0,0.6,0.0,0.0,0.6,0.6
Marituba,Urbana,15577660,ESCOLA ESTADUAL EDUARDO LAUANDE,0,0,152,152,0.0,0.0,0.9,0.0,0.0,0.9,0.9
Augusto Corrêa,Rural,15055582,ESCOLA ESTADUAL ANDRE ALVES,0,0,344,344,0.0,0.0,1.0,0.0,0.0,1.0,1.0
Augusto Corrêa,Rural,15055906,ESCOLA ESTADUAL EMILIANO PICANCO DA COSTA,0,0,180,180,0.0,0.0,2.5,0.0,0.0,2.5,2.5
Augusto Corrêa,Rural,15177394,ESCOLA ESTADUAL RURAL DE AUGUSTO CORREA,0,0,337,337,0.0,0.0,0.9,0.0,0.0,0.9,0.9
Augusto Corrêa,Rural,15550079,ESCOLA ESTADUAL BENEDITO CARDOSO DE ATHAYDE,0,0,287,287,0.0,0.0,0.6,0.0,0.0,0.6,0.6
Augusto Corrêa,Urbana,15054900,ESCOLA ESTADUAL PROF GALVAO,0,0,1043,1043,0.0,0.0,0.5,0.0,0.0,0.5,0.5
Bragança,Rural,15057224,ESCOLA ESTADUAL GERMANO GARCIA,0,231,170,401,0.0,0.1,0.0,0.0,0.1,0.0,0.1
Bragança,Rural,15057267,ESCOLA ESTADUAL PROF MARIA DE NAZARE CEZAR PINHEIRO,0,63,210,273,0.0,0.4,0.1,0.0,0.1,0.1,0.2
Bragança,Rural,15057291,ESCOLA ESTADUAL PATALINO,0,114,172,286,0.0,1.7,0.5,0.0,0.7,0.3,1.0
Bragança,Rural,15058786,ESCOLA ESTADUAL DOMINGAS DA COSTA SOUSA,0,294,155,449,0.0,0.5,0.7,0.0,0.3,0.2,0.6
Bragança,Rural,15058832,ESCOLA ESTADUAL ALBINO CARDOSO,0,123,132,255,0.0,2.4,2.3,0.0,1.2,1.2,2.3
Bragança,Rural,15177890,ESCOLA ESTADUAL RURAL DE BRAGANCA,0,0,378,378,0.0,0.0,0.0,0.0,0.0,0.0,0.0
Bragança,Urbana,15056643,ESCOLA ESTADUAL CENTRO EDUCACIONAL CORACAO DE JESUS,34,88,0,122,3.5,0.5,0.0,1.0,0.4,0.0,1.3
Bragança,Urbana,15056651,ESCOLA ESTADUAL JOAO PAULO II,122,108,0,230,1.3,0.0,0.0,0.7,0.0,0.0,0.7
Bragança,Urbana,15056767,ESCOLA ESTADUAL AUGUSTO CORREA,0,440,0,440,0.0,0.6,0.0,0.0,0.6,0.0,0.6
Bragança,Urbana,15056775,ESCOLA ESTADUAL DR FRANCISCO DE PAULA PINHEIRO,0,109,0,109,0.0,0.5,0.0,0.0,0.5,0.0,0.5
Bragança,Urbana,15056783,ESCOLA ESTADUAL LUIZ PAULINO MARTIRES,0,62,517,579,0.0,0.0,0.7,0.0,0.0,0.6,0.6
Bragança,Urbana,15056791,ESCOLA ESTADUAL MANOEL JULIAO GARCIA CASTANHO,0,214,168,382,0.0,0.4,0.5,0.0,0.2,0.2,0.4
Bragança,Urbana,15056813,ESCOLA ESTADUAL PROF BOLIVAR BORDALLO DA SILVA,0,0,546,546,0.0,0.0,0.5,0.0,0.0,0.5,0.5
Bragança,Urbana,15056929,ESCOLA ESTADUAL PROFA ARGENTINA PEREIRA,0,0,184,184,0.0,0.0,0.5,0.0,0.0,0.5,0.5
Bragança,Urbana,15057046,ESCOLA ESTADUAL DO ROCHA,39,158,0,197,0.8,0.0,0.0,0.2,0.0,0.0,0.2
Bragança,Urbana,15057119,ESCOLA ESTADUAL CEL ALUIZIO PINHEIRO FERREIRA,0,165,0,165,0.0,0.5,0.0,0.0,0.5,0.0,0.5
Bragança,Urbana,15057127,ESCOLA ESTADUAL MARIO QUEIROZ DO ROSARIO,0,509,475,984,0.0,0.7,2.5,0.0,0.4,1.2,1.6
Bragança,Urbana,15057135,ESCOLA ESTADUAL MONSENHOR MANCIO RIBEIRO,0,435,387,822,0.0,0.3,0.3,0.0,0.2,0.1,0.3
Bragança,Urbana,15057194,ESCOLA ESTADUAL PROF YOLANDA CHAVES,0,378,329,707,0.0,2.5,1.3,0.0,1.3,0.6,1.9
Bragança,Urbana,15057259,ESCOLA ESTADUAL LEANDRO LOBAO DA SILVEIRA,0,211,198,409,0.0,2.5,1.3,0.0,1.3,0.6,1.9
Bragança,Urbana,15057305,ESCOLA ESTADUAL PADRE LUIZ GONZAGA,0,282,279,561,0.0,2.5,1.3,0.0,1.3,0.6,1.9
Bragança,Urbana,15058751,ESCOLA ESTADUAL CASA DA AMIZADE,0,302,0,302,0.0,0.7,0.0,0.0,0.7,0.0,0.7
Bragança,Urbana,15058778,ESCOLA ESTADUAL EXTERNATO SANTO ANTONIO,0,227,0,227,0.0,0.0,0.0,0.0,0.0,0.0,0.0
Bragança,Urbana,15527409,ESCOLA ESTADUAL RIO CAETE,0,430,503,933,0.0,2.5,0.3,0.0,1.2,0.2,1.3
Bragança,Urbana,15540332,ESCOLA ESTADUAL SANTA TEREZINHA,81,102,0,183,3.5,0.0,0.0,1.5,0.0,0.0,1.5
Cachoeira do Piriá,Rural,15098141,ESCOLA ESTADUAL CEL NEWTON BARREIRA,0,0,46,46,0.0,0.0,0.5,0.0,0.0,0.5,0.5
Cachoeira do Piriá,Rural,15177920,ESCOLA ESTADUAL RURAL DE CACHOEIRA DO PIRIA,0,0,380,380,0.0,0.0,0.5,0.0,0.0,0.5,0.5
Cachoeira do Piriá,Urbana,15097307,ESCOLA ESTADUAL ADRIANO GONCALVES,0,0,411,411,0.0,0.0,0.8,0.0,0.0,0.8,0.8
Tracuateua,Rural,15057283,ESCOLA ESTADUAL MARILDA FIGUEIREDO NUNES,0,0,338,338,0.0,0.0,2.5,0.0,0.0,2.5,2.5
Tracuateua,Urbana,15059260,ESCOLA ESTADUAL CEL PINHEIRO JUNIOR,0,0,864,864,0.0,0.0,0.6,0.0,0.0,0.6,0.6
Viseu,Rural,15172490,ANEXO EE PADRE LUCIANO CALDERARA - VILA FERNANDES BELO,0,0,296,296,0.0,0.0,0.8,0.0,0.0,0.8,0.8
Viseu,Rural,15172503,ANEXO EE PADRE LUCIANO CALDERARA - VILA ACAITEUA,0,0,450,450,0.0,0.0,0.5,0.0,0.0,0.5,0.5
Viseu,Rural,15172511,ANEXO EE PADRE LUCIANO CALDERARA - VILA DO LAGUINHO,0,0,160,160,0.0,0.0,1.1,0.0,0.0,1.1,1.1
Viseu,Rural,15177939,ESCOLA ESTADUAL RURAL DE VISEU,0,0,790,790,0.0,0.0,0.0,0.0,0.0,0.0,0.0
Viseu,Rural,15180689,ANEXO EE PADRE LUCIANO CALDERARA - VILA DE CURUPAITI,0,0,360,360,0.0,0.0,0.0,0.0,0.0,0.0,0.0
Viseu,Urbana,15097145,ESCOLA ESTADUAL PADRE LUCIANO CALDERARA,0,0,1039,1039,0.0,0.0,0.5,0.0,0.0,0.5,0.5
Anajás,Rural,15178218,ESCOLA ESTADUAL RURAL DE ANAJAS,0,0,828,828,0.0,0.0,0.0,0.0,0.0,0.0,0.0
Bagre,Rural,15178340,ESCOLA ESTADUAL RURAL DE BAGRE,0,0,295,295,0.0,0.0,0.0,0.0,0.0,0.0,0.0
Bagre,Urbana,15018644,ESCOLA ESTADUAL JULIAO BERTOLDO DE CASTRO,0,0,667,667,0.0,0.0,2.5,0.0,0.0,2.5,2.5
Breves,Rural,15178226,ESCOLA ESTADUAL RURAL DE BREVES,0,0,1678,1678,0.0,0.0,0.5,0.0,0.0,0.5,0.5
Breves,Urbana,15024792,ESCOLA ESTADUAL PROFA MARIA ELIZETE FONA NUNES,0,0,341,341,0.0,0.0,0.5,0.0,0.0,0.5,0.5
Breves,Urbana,15097846,ESCOLA ESTADUAL SANTO AGOSTINHO,0,0,448,448,0.0,0.0,0.5,0.0,0.0,0.5,0.5
Breves,Urbana,15168751,ANEXO EE PROF GERSON PERES - CIDADE NOVA,0,0,239,239,0.0,0.0,0.5,0.0,0.0,0.5,0.5
Breves,Urbana,15169049,ANEXO EE PROFA MARIA ELIZETE FONA NUNES - AEROPORTO,0,0,143,143,0.0,0.0,2.0,0.0,0.0,2.0,2.0
Breves,Urbana,15555933,ESCOLA ESTADUAL PROFA MARIA CAMARA PAES,0,0,466,466,0.0,0.0,0.0,0.0,0.0,0.0,0.0
Breves,Urbana,15583430,ESCOLA ESTADUAL PROF GERSON PERES,0,0,221,221,0.0,0.0,0.5,0.0,0.0,0.5,0.5
Gurupá,Rural,15178277,ESCOLA ESTADUAL RURAL DE GURUPA,0,0,568,568,0.0,0.0,0.0,0.0,0.0,0.0,0.0
Gurupá,Urbana,15019403,ESCOLA ESTADUAL MARCILIO DIAS,0,0,656,656,0.0,0.0,2.0,0.0,0.0,2.0,2.0
Melgaço,Rural,15178293,ESCOLA ESTADUAL RURAL DE MELGACO,0,0,901,901,0.0,0.0,0.5,0.0,0.0,0.5,0.5
Melgaço,Urbana,15020282,ESCOLA ESTADUAL PRES TANCREDO DE ALMEIDA NEVES,0,0,531,531,0.0,0.0,0.8,0.0,0.0,0.8,0.8
Portel,Rural,15178285,ESCOLA ESTADUAL RURAL DE PORTEL,0,0,559,559,0.0,0.0,0.0,0.0,0.0,0.0,0.0
Portel,Urbana,15021564,ESCOLA ESTADUAL PAULINO DE BRITO,0,0,460,460,0.0,0.0,0.0,0.0,0.0,0.0,0.0
Portel,Urbana,15574865,ESCOLA ESTADUAL DEPUTADO NICIAS RIBEIRO,0,0,866,866,0.0,0.0,1.1,0.0,0.0,1.1,1.1
Cachoeira do Arari,Rural,15028526,ESCOLA ESTADUAL RETIRO GRANDE,0,182,225,407,0.0,0.6,2.5,0.0,0.3,1.4,1.7
Cachoeira do Arari,Rural,15028534,ESCOLA ESTADUAL CAMARA,0,134,0,134,0.0,0.5,0.0,0.0,0.5,0.0,0.5
Cachoeira do Arari,Rural,15028577,ESCOLA ESTADUAL UMARIZAL,0,0,106,106,0.0,0.0,3.5,0.0,0.0,3.5,3.5
Cachoeira do Arari,Rural,15171043,ESCOLA ESTADUAL MAGNO DA SILVA BAHIA,0,149,106,255,0.0,2.5,2.5,0.0,1.5,1.0,2.5
Cachoeira do Arari,Urbana,15028488,ESCOLA ESTADUAL JOSE RODRIGUES VIANA,110,186,63,359,0.7,0.5,0.0,0.2,0.3,0.0,0.5
Cachoeira do Arari,Urbana,15028593,ESCOLA ESTADUAL DELGADO LEAO,0,135,298,433,0.0,3.5,0.5,0.0,1.1,0.3,1.4
Salvaterra,Urbana,15032744,ESCOLA ESTADUAL PROF ADEMAR NUNES VASCONCELOS,0,0,141,141,0.0,0.0,0.4,0.0,0.0,0.4,0.4
Salvaterra,Urbana,15583910,ESCOLA ESTADUAL SALOMAO MATOS,0,0,501,501,0.0,0.0,0.5,0.0,0.0,0.5,0.5
Santa Cruz do Arari,Urbana,15033406,ESCOLA ESTADUAL JOAO APOLINARIO BATISTA,0,32,196,228,0.0,0.6,0.9,0.0,0.1,0.8,0.9
Soure,Urbana,15033651,ESCOLA ESTADUAL PROF GASPARINO BATISTA DA SILVA,0,243,334,577,0.0,1.0,1.1,0.0,0.4,0.6,1.1
Soure,Urbana,15033724,ESCOLA ESTADUAL PROF EDDA DE SOUSA GONCALVES,0,0,163,163,0.0,0.0,1.0,0.0,0.0,1.0,1.0
Soure,Urbana,15033813,ESCOLA ESTADUAL STELLA MARIS,0,381,381,762,0.0,2.5,0.7,0.0,1.3,0.4,1.6
Baião,Rural,15168824,ANEXO EE FRANCISCA NOGUEIRA DA COSTA RAMOS - SAO JOAQUIM DE ITUQUARA,0,0,87,87,0.0,0.0,2.5,0.0,0.0,2.5,2.5
Baião,Rural,15177602,ESCOLA ESTADUAL RURAL DE BAIAO,0,0,556,556,0.0,0.0,0.5,0.0,0.0,0.5,0.5
Baião,Urbana,15067564,ESCOLA ESTADUAL FRANCISCA NOGUEIRA DA COSTA RAMOS,0,0,755,755,0.0,0.0,0.5,0.0,0.0,0.5,0.5
Cametá,Rural,15070980,ESCOLA ESTADUAL MAGALHAES BARATA,0,0,306,306,0.0,0.0,0.6,0.0,0.0,0.6,0.6
Cametá,Rural,15170438,ESCOLA ESTADUAL HERIBERTO BARROSO ARAGAO,0,0,316,316,0.0,0.0,2.5,0.0,0.0,2.5,2.5
Cametá,Rural,15177670,ESCOLA ESTADUAL RURAL DE CAMETA,0,0,2317,2317,0.0,0.0,0.5,0.0,0.0,0.5,0.5
Cametá,Rural,15218007,ESCOLA ESTADUAL PADRE JOAO BOONEKAMP,0,0,360,360,0.0,0.0,1.1,0.0,0.0,1.1,1.1
Cametá,Urbana,15068234,ESCOLA ESTADUAL DR GERSON DOS SANTOS PERES,0,0,536,536,0.0,0.0,1.1,0.0,0.0,1.1,1.1
Cametá,Urbana,15068390,ESCOLA ESTADUAL JULIA PASSARINHO,0,0,738,738,0.0,0.0,0.5,0.0,0.0,0.5,0.5
Cametá,Urbana,15068439,ESCOLA ESTADUAL OSVALDINA MUNIZ,0,0,718,718,0.0,0.0,1.1,0.0,0.0,1.1,1.1
Cametá,Urbana,15213803,ESCOLA ESTADUAL ABRAAO SIMAO JATENE,0,0,201,201,0.0,0.0,1.5,0.0,0.0,1.5,1.5
Limoeiro do Ajuru,Rural,15177700,ESCOLA ESTADUAL RURAL DE LIMOEIRO DO AJURU,0,0,632,632,0.0,0.0,0.7,0.0,0.0,0.7,0.7
Limoeiro do Ajuru,Urbana,15075109,ESCOLA ESTADUAL JERONIMO MILHOMEM TAVARES,0,153,229,382,0.0,0.5,0.9,0.0,0.2,0.5,0.7
Limoeiro do Ajuru,Urbana,15529606,ESCOLA ESTADUAL PROF JOAO LUDOVICO,0,0,265,265,0.0,0.0,1.3,0.0,0.0,1.3,1.3
Mocajuba,Rural,15177718,ESCOLA ESTADUAL RURAL DE MOCAJUBA,0,0,325,325,0.0,0.0,0.5,0.0,0.0,0.5,0.5
Mocajuba,Urbana,15076580,ESCOLA ESTADUAL PROF ISAURA BAHIA,0,0,713,713,0.0,0.0,0.8,0.0,0.0,0.8,0.8
Mocajuba,Urbana,15175383,ESCOLA ESTADUAL BENEDITA MARILDA DA SILVA BRAGA,0,0,521,521,0.0,0.0,0.9,0.0,0.0,0.9,0.9
Bonito,Rural,15056155,ESCOLA ESTADUAL SANTO ANTONIO DO CUMARU,0,165,0,165,0.0,0.3,0.0,0.0,0.3,0.0,0.3
Bonito,Urbana,15056007,ESCOLA ESTADUAL CHARLES ASSAD,0,486,282,768,0.0,0.6,3.5,0.0,0.4,1.3,1.7
Bonito,Urbana,15157636,ESCOLA ESTADUAL MARIA DE NAZARE ASSAD ELIAS,0,54,225,279,0.0,3.5,1.0,0.0,0.7,0.8,1.5
Capanema,Rural,15060306,ESCOLA ESTADUAL PROF CESAR PINHEIRO,0,271,201,472,0.0,2.5,2.5,0.0,1.4,1.1,2.5
Capanema,Rural,15060438,ESCOLA ESTADUAL PROFA APOLONIA PINHEIRO DOS SANTOS,0,236,168,404,0.0,2.5,2.0,0.0,1.5,0.8,2.3
Capanema,Urbana,15059510,ESCOLA ESTADUAL SAO PIO X,0,212,0,212,0.0,1.8,0.0,0.0,1.8,0.0,1.8
Capanema,Urbana,15059588,ESCOLA ESTADUAL PROFA MARIA AMELIA DE VASCONCELOS,0,390,287,677,0.0,1.3,1.0,0.0,0.7,0.4,1.1
Capanema,Urbana,15059626,ESCOLA ESTADUAL PROFA AMERICA LEAO CONDURU,0,280,101,381,0.0,2.5,1.1,0.0,1.8,0.3,2.1
Capanema,Urbana,15059634,ESCOLA ESTADUAL DOM JOAO VI,0,587,460,1047,0.0,2.5,3.5,0.0,1.4,1.5,2.9
Capanema,Urbana,15059642,ESCOLA ESTADUAL JOAO SANTOS,0,482,363,845,0.0,1.3,2.5,0.0,0.7,1.1,1.8
Capanema,Urbana,15059650,ESCOLA ESTADUAL PADRE SALES,0,269,288,557,0.0,0.3,2.0,0.0,0.1,1.0,1.2
Capanema,Urbana,15059677,ESCOLA ESTADUAL PROF OLIVEIRA BRITO,0,503,478,981,0.0,0.5,1.3,0.0,0.3,0.6,0.9
Capanema,Urbana,15059731,ESCOLA ESTADUAL PROFA MARIA MIRTES SIDRIM PESSOA,0,77,207,284,0.0,0.0,0.9,0.0,0.0,0.7,0.7
Capanema,Urbana,15059820,ESCOLA ESTADUAL PROF JOSE NAZIAZENO MONTEIRO,63,82,0,145,1.8,2.5,0.0,0.8,1.4,0.0,2.2
Capanema,Urbana,15059871,ESCOLA ESTADUAL SILVESTRE CARNEIRO,94,26,0,120,2.5,0.0,0.0,2.0,0.0,0.0,2.0
Capanema,Urbana,15533255,ESCOLA ESTADUAL MESTRE LUCINDO,0,121,61,182,0.0,0.5,0.5,0.0,0.3,0.2,0.5
Nova Timboteua,Rural,15170241,ANEXO EE DES AUGUSTO OLIMPIO - VILA TIMBOTEUA,0,0,204,204,0.0,0.0,2.0,0.0,0.0,2.0,2.0
Nova Timboteua,Urbana,15061310,ESCOLA ESTADUAL DES AUGUSTO OLIMPIO,0,0,342,342,0.0,0.0,2.5,0.0,0.0,2.5,2.5
Ourém,Rural,15093581,ESCOLA ESTADUAL IRMA SANCHA AUGUSTA DE SOUZA E SILVA,0,346,251,597,0.0,0.7,0.5,0.0,0.4,0.2,0.6
Ourém,Urbana,15093620,ESCOLA ESTADUAL PADRE ANGELO MORETTI,0,624,0,624,0.0,2.3,0.0,0.0,2.3,0.0,2.3
Ourém,Urbana,15093654,ESCOLA ESTADUAL PADRE ANTONIO VIEIRA,124,75,140,339,2.0,0.0,1.0,0.7,0.0,0.4,1.1
Ourém,Urbana,15156672,ESCOLA ESTADUAL PROFA MARIA SOCORRO OLIVEIRA DA ROCHA,0,0,443,443,0.0,0.0,0.5,0.0,0.0,0.5,0.5
Peixe-Boi,Rural,15170390,ANEXO EE JONATHAS PONTES ATHIAS - TAUARIZINHO,0,0,106,106,0.0,0.0,2.5,0.0,0.0,2.5,2.5
Peixe-Boi,Urbana,15061876,ESCOLA ESTADUAL JONATHAS PONTES ATHIAS,0,0,215,215,0.0,0.0,1.5,0.0,0.0,1.5,1.5
Primavera,Urbana,15062201,ESCOLA ESTADUAL MANOEL LOBATO,0,0,519,519,0.0,0.0,2.5,0.0,0.0,2.5,2.5
Primavera,Urbana,15062244,ESCOLA ESTADUAL INOCENCIO SOARES,0,760,0,760,0.0,0.5,0.0,0.0,0.5,0.0,0.5
Quatipuru,Rural,15062520,ESCOLA ESTADUAL JOAO PAULO I,0,283,201,484,0.0,2.1,2.5,0.0,1.2,1.0,2.3
Quatipuru,Urbana,15062503,ESCOLA ESTADUAL MARIA ALICE GEOLAS MOURA CARVALHO,0,0,242,242,0.0,0.0,2.5,0.0,0.0,2.5,2.5
Quatipuru,Urbana,15062538,ESCOLA ESTADUAL ANTONIO MORAES DO NASCIMENTO,0,412,0,412,0.0,1.3,0.0,0.0,1.3,0.0,1.3
Salinópolis,Rural,15052575,ESCOLA ESTADUAL ADRIANO SANTA BRIGIDA,0,96,0,96,0.0,0.7,0.0,0.0,0.7,0.0,0.7
Salinópolis,Rural,15145735,ESCOLA ESTADUAL EURIDES BRITO,0,115,0,115,0.0,0.5,0.0,0.0,0.5,0.0,0.5
Salinópolis,Urbana,15052150,ESCOLA ESTADUAL PROFA ARACY ALVES DIAS,0,0,658,658,0.0,0.0,0.0,0.0,0.0,0.0,0.0
Salinópolis,Urbana,15052168,ESCOLA ESTADUAL DOM BOSCO,0,303,610,913,0.0,2.5,1.1,0.0,0.8,0.7,1.6
Salinópolis,Urbana,15052184,ESCOLA ESTADUAL PADRE DUBOIS,0,507,0,507,0.0,1.3,0.0,0.0,1.3,0.0,1.3
Salinópolis,Urbana,15052192,ESCOLA ESTADUAL PROF TEODATO DE REZENDE,0,245,332,577,0.0,2.5,0.6,0.0,1.1,0.3,1.4
Salinópolis,Urbana,15052206,ESCOLA ESTADUAL TIRADENTES,0,202,0,202,0.0,0.8,0.0,0.0,0.8,0.0,0.8
Salinópolis,Urbana,15052222,ESCOLA ESTADUAL DR MIGUEL DE SANTA BRIGIDA,0,0,407,407,0.0,0.0,0.9,0.0,0.0,0.9,0.9
Santa Luzia do Pará,Urbana,15094065,ESCOLA ESTADUAL PROFA FLORENTINA DAMASCENO,0,0,863,863,0.0,0.0,1.1,0.0,0.0,1.1,1.1
Santarém Novo,Urbana,15063615,ESCOLA ESTADUAL ROSA CARRERA LOUREIRO AQUINO,0,0,311,311,0.0,0.0,1.3,0.0,0.0,1.3,1.3
São João de Pirabas,Urbana,15053482,ESCOLA ESTADUAL FRANCISCO DA SILVA NUNES,0,0,934,934,0.0,0.0,0.7,0.0,0.0,0.7,0.7
Capitão Poço,Rural,15088332,ESCOLA ESTADUAL DIONISIO HAGE,0,88,54,142,0.0,2.5,2.5,0.0,1.5,1.0,2.5
Capitão Poço,Rural,15178064,ESCOLA ESTADUAL RURAL DE CAPITAO POCO,0,0,400,400,0.0,0.0,0.0,0.0,0.0,0.0,0.0
Capitão Poço,Urbana,15088154,ESCOLA ESTADUAL BELINA CAMPOS COUTINHO,0,104,535,639,0.0,3.0,2.0,0.0,0.5,1.7,2.2
Capitão Poço,Urbana,15088375,ESCOLA ESTADUAL OSVALDO CRUZ,14,151,582,747,1.5,2.1,1.1,0.0,0.4,0.9,1.3
Capitão Poço,Urbana,15088383,ESCOLA ESTADUAL PE VITALIANO MARIA VARI,0,105,229,334,0.0,2.5,2.5,0.0,0.8,1.7,2.5
Capitão Poço,Urbana,15088464,ESCOLA ESTADUAL PROF TEREZINHA BEZERRA SIQUEIRA,77,362,295,734,3.0,2.5,2.5,0.3,1.2,1.0,2.6
Capitão Poço,Urbana,15148181,ESCOLA ESTADUAL ANTONIO VALDENIR ARAUJO DE LIMA,20,47,0,67,0.0,0.0,0.0,0.0,0.0,0.0,0.0
Garrafão do Norte,Rural,15089452,ESCOLA ESTADUAL PACIFICO LEAO DA COSTA,0,0,251,251,0.0,0.0,0.7,0.0,0.0,0.7,0.7
Garrafão do Norte,Rural,15172902,ANEXO EE MARIO BRASIL - VILA DO LOURO,0,0,129,129,0.0,0.0,0.6,0.0,0.0,0.6,0.6
Garrafão do Norte,Rural,15178250,ESCOLA ESTADUAL RURAL DE GARRAFAO DO NORTE,0,0,167,167,0.0,0.0,0.5,0.0,0.0,0.5,0.5
Garrafão do Norte,Urbana,15089428,ESCOLA ESTADUAL MARIO BRASIL,0,0,463,463,0.0,0.0,2.5,0.0,0.0,2.5,2.5
Nova Esperança do Piriá,Rural,15178315,ESCOLA ESTADUAL RURAL DE NOVA ESPERANCA DO PIRIA,0,0,216,216,0.0,0.0,0.5,0.0,0.0,0.5,0.5
Nova Esperança do Piriá,Urbana,15093158,ESCOLA ESTADUAL LINA SEFFER,0,0,620,620,0.0,0.0,0.9,0.0,0.0,0.9,0.9
Castanhal,Rural,15045463,ESCOLA ESTADUAL JOSE HENRIQUE,0,0,363,363,0.0,0.0,0.5,0.0,0.0,0.5,0.5
Castanhal,Urbana,15045447,ESCOLA ESTADUAL CIDADE DE DOM BOSCO,0,190,0,190,0.0,1.0,0.0,0.0,1.0,0.0,1.0
Castanhal,Urbana,15045471,ESCOLA ESTADUAL PADRE SALVADOR TRACCAIOLLI,0,424,648,1072,0.0,0.5,0.1,0.0,0.2,0.1,0.3
Castanhal,Urbana,15045480,ESCOLA ESTADUAL BENICIO LOPES,0,0,382,382,0.0,0.0,0.0,0.0,0.0,0.0,0.0
Castanhal,Urbana,15045498,ESCOLA ESTADUAL PROF CLOTILDE PEREIRA,0,137,634,771,0.0,1.0,0.9,0.0,0.2,0.7,0.9
Castanhal,Urbana,15045552,ESCOLA ESTADUAL 28 DE JANEIRO,0,216,190,406,0.0,0.0,0.1,0.0,0.0,0.0,0.0
Castanhal,Urbana,15045560,ESCOLA ESTADUAL CONEGO LEITAO,0,0,741,741,0.0,0.0,0.9,0.0,0.0,0.9,0.9
Castanhal,Urbana,15045587,ESCOLA ESTADUAL DR LAURENO ALVES DE MELO,0,325,383,708,0.0,0.5,0.5,0.0,0.2,0.3,0.5
Castanhal,Urbana,15045609,ESCOLA ESTADUAL NILZA NASCIMENTO,0,174,0,174,0.0,2.5,0.0,0.0,2.5,0.0,2.5
Castanhal,Urbana,15045641,ESCOLA ESTADUAL ROTARY CLUB DE CASTANHAL,0,202,0,202,0.0,1.1,0.0,0.0,1.1,0.0,1.1
Castanhal,Urbana,15045650,ESCOLA ESTADUAL LAMEIRA BITTENCOURT,0,0,666,666,0.0,0.0,0.2,0.0,0.0,0.2,0.2
Castanhal,Urbana,15045668,ESCOLA ESTADUAL ELCIONE THEREZINHA ZAHLUTH BARBALHO,0,322,475,797,0.0,0.7,0.5,0.0,0.3,0.3,0.6
Castanhal,Urbana,15046567,ESCOLA ESTADUAL MARIA PIA DOS SANTOS AMARAL,0,183,377,560,0.0,0.0,0.0,0.0,0.0,0.0,0.0
Castanhal,Urbana,15150585,ESCOLA ESTADUAL PROFA DEUSARINA DA SILVA RODRIGUES,0,284,414,698,0.0,0.0,0.1,0.0,0.0,0.1,0.1
Castanhal,Urbana,15531600,ESCOLA ESTADUAL PROF PAULO CESAR COUTINHO RODRIGUES,0,0,173,173,0.0,0.0,0.2,0.0,0.0,0.2,0.2
Castanhal,Urbana,15561429,ESCOLA ESTADUAL MARIA DAS MERCES DE OLIVEIRA CONOR,0,200,299,499,0.0,0.5,0.0,0.0,0.2,0.0,0.2
Castanhal,Urbana,15578968,ESCOLA ESTADUAL DR INACIO KOURY GABRIEL NETO,0,0,538,538,0.0,0.0,0.9,0.0,0.0,0.9,0.9
Castanhal,Urbana,15588378,ESCOLA ESTADUAL JOSE SALLES,0,246,160,406,0.0,0.5,0.5,0.0,0.3,0.2,0.5
Curuçá,Rural,15049396,ESCOLA ESTADUAL ABEL OVIDIO DE CAMPOS,0,0,199,199,0.0,0.0,0.0,0.0,0.0,0.0,0.0
Curuçá,Rural,15099881,ESCOLA ESTADUAL PROFA RAIMUNDA SENA DA SILVA,0,24,203,227,0.0,0.0,2.0,0.0,0.0,1.8,1.8
Curuçá,Rural,15177408,ESCOLA ESTADUAL RURAL DE CURUCA,0,0,63,63,0.0,0.0,0.7,0.0,0.0,0.7,0.7
Curuçá,Urbana,15048853,ESCOLA ESTADUAL MARIA HYLUISA PINTO FERREIRA,0,93,0,93,0.0,0.0,0.0,0.0,0.0,0.0,0.0
Curuçá,Urbana,15048888,ESCOLA ESTADUAL PROF OLINDA VERAS ALVES,0,0,457,457,0.0,0.0,0.5,0.0,0.0,0.5,0.5
Curuçá,Urbana,15049043,ESCOLA ESTADUAL GONCALO FERREIRA,0,73,169,242,0.0,0.0,1.0,0.0,0.0,0.7,0.7
Inhangapi,Rural,15177386,ESCOLA ESTADUAL RURAL DE INHANGAPI,0,56,37,93,0.0,0.0,0.0,0.0,0.0,0.0,0.0
Inhangapi,Urbana,15046710,ESCOLA ESTADUAL PROF ANTONIO MARCAL,0,444,0,444,0.0,0.2,0.0,0.0,0.2,0.0,0.2
Inhangapi,Urbana,15584640,ESCOLA ESTADUAL AGOSTINHO MORAES DE OLIVEIRA,0,0,384,384,0.0,0.0,0.0,0.0,0.0,0.0,0.0
Marapanim,Rural,15178307,ESCOLA ESTADUAL RURAL DE MARAPANIM,0,0,268,268,0.0,0.0,0.1,0.0,0.0,0.1,0.1
Marapanim,Rural,15585891,ESCOLA ESTADUAL NELSON REBELO,0,0,187,187,0.0,0.0,0.6,0.0,0.0,0.6,0.6
Marapanim,Urbana,15051552,ESCOLA ESTADUAL REMIGIO FERNANDES,0,0,539,539,0.0,0.0,0.0,0.0,0.0,0.0,0.0
Santa Maria do Pará,Rural,15062821,ESCOLA ESTADUAL PROF MARCOS NUNES,0,115,98,213,0.0,0.0,0.1,0.0,0.0,0.0,0.0
Santa Maria do Pará,Rural,15062848,ESCOLA ESTADUAL DR ARMANDO CORREA,0,112,0,112,0.0,2.3,0.0,0.0,2.3,0.0,2.3
Santa Maria do Pará,Urbana,15062767,ESCOLA ESTADUAL SEVERIANO BENEDITO DE SOUZA,0,232,470,702,0.0,0.0,0.9,0.0,0.0,0.6,0.6
Santa Maria do Pará,Urbana,15062805,ESCOLA ESTADUAL JOAO BOTELHO DE SOUZA,45,239,0,284,2.5,2.5,0.0,0.4,2.1,0.0,2.5
Santa Maria do Pará,Urbana,15062813,ESCOLA ESTADUAL MAGALHAES BARATA,0,249,0,249,0.0,1.3,0.0,0.0,1.3,0.0,1.3
Santa Maria do Pará,Urbana,15062856,ESCOLA ESTADUAL JOAO GABRIEL DA SILVA,0,315,311,626,0.0,0.5,0.0,0.0,0.3,0.0,0.3
São Domingos do Capim,Rural,15094669,ESCOLA ESTADUAL PROF JONATHAS ATIAS,0,159,0,159,0.0,0.5,0.0,0.0,0.5,0.0,0.5
São Domingos do Capim,Rural,15177424,ESCOLA ESTADUAL RURAL DE SAO DOMINGOS DO CAPIM,0,0,404,404,0.0,0.0,0.5,0.0,0.0,0.5,0.5
São Domingos do Capim,Urbana,15094596,ESCOLA ESTADUAL MAROJA NETO,0,0,478,478,0.0,0.0,0.5,0.0,0.0,0.5,0.5
São Domingos do Capim,Urbana,15094693,ESCOLA ESTADUAL PROF VICENTINA SODRE DE ARAUJO,0,105,214,319,0.0,0.8,0.5,0.0,0.3,0.3,0.6
São Francisco do Pará,Urbana,15063879,ESCOLA ESTADUAL PROFA MARIA DA CONCEICAO GOMES DE SOUZA,0,0,613,613,0.0,0.0,0.1,0.0,0.0,0.1,0.1
São João da Ponta,Urbana,15053440,ESCOLA ESTADUAL PROF ANTONIA ROSA,0,0,211,211,0.0,0.0,0.6,0.0,0.0,0.6,0.6
São Miguel do Guamá,Rural,15177459,ESCOLA ESTADUAL RURAL DE SAO MIGUEL DO GUAMA,0,0,314,314,0.0,0.0,0.0,0.0,0.0,0.0,0.0
São Miguel do Guamá,Urbana,15095916,ESCOLA ESTADUAL FREI MIGUEL DE BULHOES,0,0,1036,1036,0.0,0.0,0.0,0.0,0.0,0.0,0.0
São Miguel do Guamá,Urbana,15213404,ESCOLA ESTADUAL IRMA CARLA GIUSSANI,0,0,774,774,0.0,0.0,0.8,0.0,0.0,0.8,0.8
Terra Alta,Rural,15048993,ESCOLA ESTADUAL AUGUSTO RAMOS PINHEIROS,0,27,89,116,0.0,0.0,0.0,0.0,0.0,0.0,0.0
Terra Alta,Urbana,15049051,ESCOLA ESTADUAL INACIO PASSARINHO,0,170,341,511,0.0,2.5,2.0,0.0,0.8,1.3,2.2
Conceição do Araguaia,Rural,15178021,ESCOLA ESTADUAL RURAL DE CONCEICAO DO ARAGUAIA,0,0,336,336,0.0,0.0,0.0,0.0,0.0,0.0,0.0
Conceição do Araguaia,Urbana,15134547,ESCOLA ESTADUAL FREI GIL DE VILA NOVA,0,323,0,323,0.0,1.5,0.0,0.0,1.5,0.0,1.5
Conceição do Araguaia,Urbana,15134555,ESCOLA ESTADUAL PROF JOSE WILSON PEREIRA LEITE,0,229,169,398,0.0,1.0,0.0,0.0,0.6,0.0,0.6
Conceição do Araguaia,Urbana,15134571,ESCOLA ESTADUAL BRAULIA GURJAO,115,404,103,622,3.0,2.1,0.5,0.6,1.4,0.1,2.0
Conceição do Araguaia,Urbana,15134580,ESCOLA ESTADUAL PROF ACY DE JESUS NEVES DE BARROS PEREIRA,0,0,578,578,0.0,0.0,0.9,0.0,0.0,0.9,0.9
Conceição do Araguaia,Urbana,15140760,ESCOLA ESTADUAL PROF DEOCLECIANO ALVES MOREIRA,0,102,266,368,0.0,2.5,2.5,0.0,0.7,1.8,2.5
Cumaru do Norte,Rural,15178048,ESCOLA ESTADUAL RURAL DE CUMARU DO NORTE,0,0,151,151,0.0,0.0,0.5,0.0,0.0,0.5,0.5
Cumaru do Norte,Urbana,15161439,ESCOLA ESTADUAL JOAO PINTO PEREIRA,0,0,215,215,0.0,0.0,2.5,0.0,0.0,2.5,2.5
Floresta do Araguaia,Rural,15170624,ANEXO EE MONSENHOR AUGUSTO DIAS DE BRITO - VILA BELA VISTA,0,0,68,68,0.0,0.0,0.9,0.0,0.0,0.9,0.9
Floresta do Araguaia,Rural,15178269,ESCOLA ESTADUAL RURAL DE FLORESTA DO ARAGUAIA,0,0,115,115,0.0,0.0,1.6,0.0,0.0,1.6,1.6
Floresta do Araguaia,Urbana,15134598,ESCOLA ESTADUAL MONSENHOR AUGUSTO DIAS DE BRITO,0,0,489,489,0.0,0.0,0.8,0.0,0.0,0.8,0.8
Pau D'Arco,Urbana,15131572,ESCOLA ESTADUAL PAULO HANNEMANN,0,0,319,319,0.0,0.0,0.7,0.0,0.0,0.7,0.7
Redenção,Rural,15178072,ESCOLA ESTADUAL RURAL DE REDENCAO,0,0,74,74,0.0,0.0,0.5,0.0,0.0,0.5,0.5
Redenção,Urbana,15131122,ESCOLA ESTADUAL PROFA DEUZUITA PEREIRA DE QUEIROZ,0,0,1037,1037,0.0,0.0,2.5,0.0,0.0,2.5,2.5
Redenção,Urbana,15131130,ESCOLA ESTADUAL ENG PALMA MUNIZ,0,0,699,699,0.0,0.0,0.5,0.0,0.0,0.5,0.5
Redenção,Urbana,15169227,ANEXO EE ENG PALMA MUNIZ - CAPUAVA II,0,0,112,112,0.0,0.0,0.6,0.0,0.0,0.6,0.6
Redenção,Urbana,15586421,ESCOLA ESTADUAL MARIA BENTA OLIVEIRA DE SOUSA,0,0,951,951,0.0,0.0,1.3,0.0,0.0,1.3,1.3
Santa Maria das Barreiras,Rural,15178099,ESCOLA ESTADUAL RURAL DE SANTA MARIA DAS BARREIRAS,0,0,151,151,0.0,0.0,0.5,0.0,0.0,0.5,0.5
Santa Maria das Barreiras,Urbana,15136060,ESCOLA ESTADUAL CASTRO ALVES,0,57,329,386,0.0,0.9,2.0,0.0,0.1,1.7,1.8
Santana do Araguaia,Rural,15171582,ANEXO EE PROF JORCELI SILVA SESTARI - VILA MANDI,0,0,90,90,0.0,0.0,2.3,0.0,0.0,2.3,2.3
Santana do Araguaia,Rural,15178129,ESCOLA ESTADUAL RURAL DE SANTANA DO ARAGUAIA,0,0,192,192,0.0,0.0,3.4,0.0,0.0,3.4,3.4
Santana do Araguaia,Urbana,15136647,ESCOLA ESTADUAL PROF JORCELI SILVA SESTARI,0,0,706,706,0.0,0.0,0.5,0.0,0.0,0.5,0.5
Curralinho,Rural,15178242,ESCOLA ESTADUAL RURAL DE CURRALINHO,0,0,898,898,0.0,0.0,0.1,0.0,0.0,0.1,0.1
Curralinho,Urbana,15026680,ESCOLA ESTADUAL PRADO LOPES,0,230,612,842,0.0,0.7,0.2,0.0,0.2,0.1,0.3
Curralinho,Urbana,15159299,ESCOLA ESTADUAL MANOEL DA VERA CRUZ SA,0,0,126,126,0.0,0.0,3.5,0.0,0.0,3.5,3.5
Muaná,Rural,15177645,ESCOLA ESTADUAL RURAL DE MUANA,0,0,937,937,0.0,0.0,0.5,0.0,0.0,0.5,0.5
Muaná,Urbana,15558118,ESCOLA ESTADUAL DR SERGIO MOTA,0,0,896,896,0.0,0.0,2.5,0.0,0.0,2.5,2.5
Oeiras do Pará,Rural,15177530,ESCOLA ESTADUAL RURAL DE OEIRAS DO PARA,0,0,536,536,0.0,0.0,0.0,0.0,0.0,0.0,0.0
Oeiras do Pará,Urbana,15553655,ESCOLA ESTADUAL RAIMUNDO RIBEIRO DA COSTA,0,0,863,863,0.0,0.0,0.0,0.0,0.0,0.0,0.0
Ponta de Pedras,Rural,15177661,ESCOLA ESTADUAL RURAL DE PONTA DE PEDRAS,0,0,389,389,0.0,0.0,0.0,0.0,0.0,0.0,0.0
Ponta de Pedras,Urbana,15031764,ESCOLA ESTADUAL AURELIANA MONTEIRO,323,0,0,323,1.9,0.0,0.0,1.9,0.0,0.0,1.9
Ponta de Pedras,Urbana,15031837,ESCOLA ESTADUAL DRA ESTER MOUTA,0,515,431,946,0.0,0.5,0.9,0.0,0.3,0.4,0.7
Ponta de Pedras,Urbana,15588831,ESCOLA ESTADUAL DALCIDIO JURANDIR,0,0,545,545,0.0,0.0,0.5,0.0,0.0,0.5,0.5
São Sebastião da Boa Vista,Rural,15177688,ESCOLA ESTADUAL RURAL DE SAO SEBASTIAO DA BOA VISTA,0,0,518,518,0.0,0.0,0.8,0.0,0.0,0.8,0.8
São Sebastião da Boa Vista,Urbana,15027635,ESCOLA ESTADUAL JOAO XXIII,0,0,747,747,0.0,0.0,2.5,0.0,0.0,2.5,2.5
Itaituba,Rural,15169103,ANEXO EE BENEDITO CORREA DE SOUZA - CAMPO VERDE,0,0,207,207,0.0,0.0,0.0,0.0,0.0,0.0,0.0
Itaituba,Rural,15169197,ANEXO EE PROFA MARIA DO SOCORRO JACOB - MORAES ALMEIDA,0,0,237,237,0.0,0.0,2.1,0.0,0.0,2.1,2.1
Itaituba,Rural,15177432,ESCOLA ESTADUAL RURAL DE ITAITUBA,0,0,185,185,0.0,0.0,0.0,0.0,0.0,0.0,0.0
Itaituba,Urbana,15101029,ESCOLA ESTADUAL PROFA MARIA DAS GRACAS ESCOCIO CERQUEIRA,0,0,271,271,0.0,0.0,0.8,0.0,0.0,0.8,0.8
Itaituba,Urbana,15149510,ESCOLA ESTADUAL PROFA MARIA DO SOCORRO JACOB,0,0,551,551,0.0,0.0,1.1,0.0,0.0,1.1,1.1
Itaituba,Urbana,15168956,ANEXO EE PROFA MARIA DO SOCORRO JACOB - PIRACANA,0,0,211,211,0.0,0.0,0.5,0.0,0.0,0.5,0.5
Itaituba,Urbana,15175510,ESCOLA ESTADUAL PROFA JUSSARA TEREZINHA,0,0,272,272,0.0,0.0,1.3,0.0,0.0,1.3,1.3
Itaituba,Urbana,15525791,ESCOLA ESTADUAL BENEDITO CORREA DE SOUZA,0,0,823,823,0.0,0.0,0.5,0.0,0.0,0.5,0.5
Itaituba,Urbana,15535762,ESCOLA ESTADUAL CENTRO MARANATA,0,0,342,342,0.0,0.0,2.5,0.0,0.0,2.5,2.5
Itaituba,Urbana,15550044,ESCOLA ESTADUAL ISAAC NEWTON,0,0,268,268,0.0,0.0,0.5,0.0,0.0,0.5,0.5
Itaituba,Urbana,15581039,ESCOLA ESTADUAL CENTRO EDUCACIONAL ANCHIETA,0,0,256,256,0.0,0.0,0.5,0.0,0.0,0.5,0.5
Jacareacanga,Urbana,15102254,ESCOLA ESTADUAL BRIGADEIRO HAROLDO COIMBRA VELOSO,0,0,336,336,0.0,0.0,0.5,0.0,0.0,0.5,0.5
Novo Progresso,Urbana,15140741,ESCOLA ESTADUAL WALDEMAR LINDERMAYER,0,0,847,847,0.0,0.0,0.5,0.0,0.0,0.5,0.5
Placas,Rural,15177637,ESCOLA ESTADUAL RURAL DE PLACAS,0,0,281,281,0.0,0.0,1.9,0.0,0.0,1.9,1.9
Placas,Urbana,15011330,ESCOLA ESTADUAL PRESIDENTE TANCREDO NEVES,0,0,422,422,0.0,0.0,0.8,0.0,0.0,0.8,0.8
Rurópolis,Rural,15168700,ANEXO EE GOV EURICO VALE - DIVINOPOLIS,0,0,191,191,0.0,0.0,3.5,0.0,0.0,3.5,3.5
Rurópolis,Urbana,15102696,ESCOLA ESTADUAL GOV EURICO VALE,0,0,728,728,0.0,0.0,2.5,0.0,0.0,2.5,2.5
Trairão,Rural,15169561,ANEXO EE DEP EVERALDO MARTINS - BELA VISTA DO CARACOL,0,0,150,150,0.0,0.0,2.1,0.0,0.0,2.1,2.1
Trairão,Rural,15177750,ESCOLA ESTADUAL RURAL DE TRAIRAO,0,0,56,56,0.0,0.0,0.5,0.0,0.0,0.5,0.5
Trairão,Urbana,15101681,ESCOLA ESTADUAL DEPUTADO EVERALDO MARTINS,0,0,309,309,0.0,0.0,1.3,0.0,0.0,1.3,1.3
Aurora do Pará,Rural,15087050,ESCOLA ESTADUAL DR LAUDELINO PINTO SOARES,0,0,62,62,0.0,0.0,2.5,0.0,0.0,2.5,2.5
Aurora do Pará,Rural,15087077,ESCOLA ESTADUAL MANOEL EMILIO PANTOJA,0,0,150,150,0.0,0.0,2.5,0.0,0.0,2.5,2.5
Aurora do Pará,Rural,15177955,ESCOLA ESTADUAL RURAL DE AURORA DO PARA,0,0,137,137,0.0,0.0,0.0,0.0,0.0,0.0,0.0
Aurora do Pará,Urbana,15087042,ESCOLA ESTADUAL PROF HILDEBERTO REIS,0,21,597,618,0.0,3.5,0.0,0.0,0.1,0.0,0.1
Dom Eliseu,Rural,15160262,ESCOLA ESTADUAL ANTONIO JESUS DE OLIVEIRA,0,0,170,170,0.0,0.0,0.5,0.0,0.0,0.5,0.5
Dom Eliseu,Rural,15177963,ESCOLA ESTADUAL RURAL DE DOM ELISEU,0,0,26,26,0.0,0.0,0.5,0.0,0.0,0.5,0.5
Dom Eliseu,Urbana,15116980,ESCOLA ESTADUAL LUIZ GUALBERTO PIMENTEL,0,0,1030,1030,0.0,0.0,0.7,0.0,0.0,0.7,0.7
Ipixuna do Pará,Rural,15168743,ESCOLA ESTADUAL MARIA DAS GRACAS BALBINO CORREA,0,0,664,664,0.0,0.0,0.8,0.0,0.0,0.8,0.8
Ipixuna do Pará,Urbana,15094588,ESCOLA ESTADUAL IRMA AGNES VINCQUIER,0,0,727,727,0.0,0.0,0.0,0.0,0.0,0.0,0.0
Irituia,Rural,15091171,ESCOLA ESTADUAL NICOLAU NERES DA SILVA,0,344,317,661,0.0,0.5,0.5,0.0,0.3,0.2,0.5
Irituia,Rural,15542297,ESCOLA ESTADUAL ITABOCAL,0,174,218,392,0.0,0.5,0.6,0.0,0.2,0.3,0.6
Irituia,Rural,15560260,ESCOLA ESTADUAL DE TESSALONICA,0,168,121,289,0.0,0.5,0.8,0.0,0.3,0.3,0.6
Irituia,Urbana,15090930,ESCOLA ESTADUAL MARIA DA CONCEICAO MALHEIROS,0,147,711,858,0.0,0.6,0.5,0.0,0.1,0.4,0.5
Irituia,Urbana,15168999,ESCOLA ESTADUAL DEUZELITE OLIVEIRA DA COSTA,0,594,0,594,0.0,0.5,0.0,0.0,0.5,0.0,0.5
Mãe do Rio,Rural,15177971,ESCOLA ESTADUAL RURAL DE MAE DO RIO,0,0,69,69,0.0,0.0,3.3,0.0,0.0,3.3,3.3
Mãe do Rio,Urbana,15092542,ESCOLA ESTADUAL PADRE MARINO CONTTI,0,0,1216,1216,0.0,0.0,0.5,0.0,0.0,0.5,0.5
Mãe do Rio,Urbana,15156796,ESCOLA ESTADUAL PROFA OSCARINA ANTONIA SOUZA DO REGO,0,0,237,237,0.0,0.0,0.0,0.0,0.0,0.0,0.0
Paragominas,Rural,15177998,ESCOLA ESTADUAL RURAL DE PARAGOMINAS,0,0,382,382,0.0,0.0,0.0,0.0,0.0,0.0,0.0
Paragominas,Urbana,15118991,ESCOLA ESTADUAL PRESIDENTE CASTELO BRANCO,0,0,577,577,0.0,0.0,0.0,0.0,0.0,0.0,0.0
Paragominas,Urbana,15169030,ESCOLA ESTADUAL ELIEL PEREIRA FAUSTINO,0,0,212,212,0.0,0.0,0.5,0.0,0.0,0.5,0.5
Paragominas,Urbana,15212602,ESCOLA ESTADUAL PROF RAIMUNDO LAUREANO DA SILVA SOUZA,0,0,863,863,0.0,0.0,0.0,0.0,0.0,0.0,0.0
Paragominas,Urbana,15582930,ESCOLA ESTADUAL GUILHERME GABRIEL,0,0,640,640,0.0,0.0,0.7,0.0,0.0,0.7,0.7
Ulianópolis,Rural,15178013,ESCOLA ESTADUAL RURAL DE ULIANOPOLIS,0,0,108,108,0.0,0.0,0.0,0.0,0.0,0.0,0.0
Ulianópolis,Urbana,15571831,ESCOLA ESTADUAL PROFA IZABEL AMAZONAS,0,0,947,947,0.0,0.0,0.6,0.0,0.0,0.6,0.6
Abel Figueiredo,Urbana,15116220,ESCOLA ESTADUAL PROF HELIO FROTA LIMA,0,0,266,266,0.0,0.0,2.5,0.0,0.0,2.5,2.5
Bom Jesus do Tocantins,Urbana,15116395,ESCOLA ESTADUAL PROFA MARIA SYLVIA DOS SANTOS,0,0,349,349,0.0,0.0,0.9,0.0,0.0,0.9,0.9
Brejo Grande do Araguaia,Urbana,15126714,ESCOLA ESTADUAL PROF LICIO SOLHEIRO,0,0,182,182,0.0,0.0,0.9,0.0,0.0,0.9,0.9
Itupiranga,Rural,15111822,ESCOLA ESTADUAL BRASIL TROPICAL,0,0,211,211,0.0,0.0,0.6,0.0,0.0,0.6,0.6
Itupiranga,Rural,15579697,ESCOLA ESTADUAL LIBERALINA CARVALHO DE ARAGAO,0,0,184,184,0.0,0.0,0.9,0.0,0.0,0.9,0.9
Itupiranga,Urbana,15111741,ESCOLA ESTADUAL ALBERTINA BARREIROS,0,0,912,912,0.0,0.0,2.5,0.0,0.0,2.5,2.5
Itupiranga,Urbana,15111938,ESCOLA ESTADUAL PROFA IZABEL MARACAIPE,0,0,96,96,0.0,0.0,0.5,0.0,0.0,0.5,0.5
Jacundá,Urbana,15105121,ESCOLA ESTADUAL IRMA DOROTHY STANGE,0,0,297,297,0.0,0.0,0.5,0.0,0.0,0.5,0.5
Jacundá,Urbana,15113388,ESCOLA ESTADUAL PROFA MARIA DA GLORIA RODRIGUES PAIXAO,0,0,836,836,0.0,0.0,0.5,0.0,0.0,0.5,0.5
Marabá,Rural,15161455,ESCOLA ESTADUAL SAO JOSE,0,0,79,79,0.0,0.0,0.5,0.0,0.0,0.5,0.5
Marabá,Rural,15169260,ANEXO EE ACY DE JESUS NEVES DE BARROS PEREIRA - VILA SORORO,0,0,290,290,0.0,0.0,0.5,0.0,0.0,0.5,0.5
Marabá,Rural,15177777,ESCOLA ESTADUAL RURAL DE MARABA,0,0,734,734,0.0,0.0,0.0,0.0,0.0,0.0,0.0
Marabá,Urbana,15127079,ESCOLA ESTADUAL O PEQUENO PRINCIPE,0,0,742,742,0.0,0.0,0.5,0.0,0.0,0.5,0.5
Marabá,Urbana,15127265,ESCOLA ESTADUAL DR GABRIEL SALES PIMENTA,0,0,589,589,0.0,0.0,0.0,0.0,0.0,0.0,0.0
Marabá,Urbana,15127281,ESCOLA ESTADUAL LIBERDADE,0,0,583,583,0.0,0.0,0.5,0.0,0.0,0.5,0.5
Marabá,Urbana,15127303,ESCOLA ESTADUAL DR JOSE CURSINO DE AZEVEDO,0,0,146,146,0.0,0.0,0.7,0.0,0.0,0.7,0.7
Marabá,Urbana,15127311,ESCOLA ESTADUAL PROF ANISIO TEIXEIRA,0,0,942,942,0.0,0.0,0.5,0.0,0.0,0.5,0.5
Marabá,Urbana,15127370,ESCOLA ESTADUAL DR GASPAR VIANNA,0,0,221,221,0.0,0.0,1.1,0.0,0.0,1.1,1.1
Marabá,Urbana,15127389,ESCOLA ESTADUAL ACY DE JESUS NEVES DE BARROS PEREIRA,0,0,448,448,0.0,0.0,0.0,0.0,0.0,0.0,0.0
Marabá,Urbana,15127613,ESCOLA ESTADUAL PROF ONEIDE DE SOUZA TAVARES,0,0,517,517,0.0,0.0,0.7,0.0,0.0,0.7,0.7
Marabá,Urbana,15127648,ESCOLA ESTADUAL PROF PAULO FREIRE,0,0,167,167,0.0,0.0,0.9,0.0,0.0,0.9,0.9
Marabá,Urbana,15127664,ESCOLA ESTADUAL PROF SALOME CARVALHO,0,0,259,259,0.0,0.0,0.7,0.0,0.0,0.7,0.7
Marabá,Urbana,15127729,ESCOLA ESTADUAL PLINIO PINHEIRO,0,0,440,440,0.0,0.0,0.9,0.0,0.0,0.9,0.9
Marabá,Urbana,15127737,ESCOLA ESTADUAL DR INACIO SOUSA MOTA,0,0,234,234,0.0,0.0,0.7,0.0,0.0,0.7,0.7
Marabá,Urbana,15127745,ESCOLA ESTADUAL ELINDA SIMPLICIO COSTA,0,0,210,210,0.0,0.0,0.5,0.0,0.0,0.5,0.5
Marabá,Urbana,15127753,ESCOLA ESTADUAL LUZIA NUNES FERNANDES,0,0,116,116,0.0,0.0,3.5,0.0,0.0,3.5,3.5
Marabá,Urbana,15127907,ESCOLA ESTADUAL PROF JONATHAS PONTES ATHIAS,0,0,402,402,0.0,0.0,0.5,0.0,0.0,0.5,0.5
Marabá,Urbana,15147223,ESCOLA ESTADUAL WALKISE DA SILVEIRA VIANNA,0,0,1245,1245,0.0,0.0,0.0,0.0,0.0,0.0,0.0
Marabá,Urbana,15169251,ANEXO EE LIBERDADE - INDEPENDENCIA,0,0,259,259,0.0,0.0,0.5,0.0,0.0,0.5,0.5
Marabá,Urbana,15169294,ANEXO EE DR GASPAR VIANNA - NOVA MARABA,0,0,105,105,0.0,0.0,0.7,0.0,0.0,0.7,0.7
Marabá,Urbana,15547191,ESCOLA ESTADUAL RIO TOCANTINS,0,0,484,484,0.0,0.0,0.7,0.0,0.0,0.7,0.7
Marabá,Urbana,15559726,ESCOLA ESTADUAL IRMA THEODORA,0,0,440,440,0.0,0.0,0.7,0.0,0.0,0.7,0.7
Marabá,Urbana,15577406,ESCOLA ESTADUAL DR GERALDO MENDES DE CASTRO VELOSO,0,0,612,612,0.0,0.0,0.5,0.0,0.0,0.5,0.5
Nova Ipixuna,Rural,15177823,ESCOLA ESTADUAL RURAL DE NOVA IPIXUNA,0,0,85,85,0.0,0.0,0.5,0.0,0.0,0.5,0.5
Nova Ipixuna,Urbana,15579581,ESCOLA ESTADUAL MARIA IRANY RODRIGUES DA SILVA,0,0,272,272,0.0,0.0,1.3,0.0,0.0,1.3,1.3
Palestina do Pará,Urbana,15129578,ESCOLA ESTADUAL 21 DE ABRIL,0,0,179,179,0.0,0.0,0.5,0.0,0.0,0.5,0.5
Piçarra,Rural,15178374,ESCOLA ESTADUAL RURAL DE PICARRA,0,0,118,118,0.0,0.0,0.0,0.0,0.0,0.0,0.0
Piçarra,Urbana,15132420,ESCOLA ESTADUAL ALICE SILVEIRA LIMA,0,0,316,316,0.0,0.0,0.0,0.0,0.0,0.0,0.0
Rondon do Pará,Urbana,15119777,ESCOLA ESTADUAL DR DIONISIO BENTES DE CARVALHO,0,0,1046,1046,0.0,0.0,0.0,0.0,0.0,0.0,0.0
São Domingos do Araguaia,Urbana,15129799,ESCOLA ESTADUAL PROFA ELZA MARIA CORREA DANTAS,0,0,711,711,0.0,0.0,2.5,0.0,0.0,2.5,2.5
São Geraldo do Araguaia,Rural,15169375,ANEXO EE MACARIO DANTAS - VILA FORTALEZA,0,0,105,105,0.0,0.0,2.5,0.0,0.0,2.5,2.5
São Geraldo do Araguaia,Rural,15215008,ESCOLA ESTADUAL NOVO PARAISO,0,0,145,145,0.0,0.0,0.6,0.0,0.0,0.6,0.6
São Geraldo do Araguaia,Urbana,15132412,ESCOLA ESTADUAL MACARIO DANTAS,0,0,390,390,0.0,0.0,1.1,0.0,0.0,1.1,1.1
São Geraldo do Araguaia,Urbana,15138763,ESCOLA ESTADUAL LENILSON LUIZ MIRANDA,0,0,394,394,0.0,0.0,0.8,0.0,0.0,0.8,0.8
São João do Araguaia,Rural,15177882,ESCOLA ESTADUAL RURAL DE SAO JOAO DO ARAGUAIA,0,0,353,353,0.0,0.0,0.5,0.0,0.0,0.5,0.5
São João do Araguaia,Urbana,15550087,ESCOLA ESTADUAL DR ABEL FIGUEREDO,0,0,195,195,0.0,0.0,2.5,0.0,0.0,2.5,2.5
Igarapé-Açu,Rural,15060640,ESCOLA ESTADUAL ANTONIO ALVES RAMOS,0,92,0,92,0.0,0.5,0.0,0.0,0.5,0.0,0.5
Igarapé-Açu,Rural,15060667,ESCOLA ESTADUAL DO CURI,59,58,0,117,2.5,0.6,0.0,1.3,0.3,0.0,1.6
Igarapé-Açu,Rural,15060683,ESCOLA ESTADUAL JOAO PAULO II,81,152,0,233,1.9,3.5,0.0,0.7,2.3,0.0,2.9
Igarapé-Açu,Rural,15060721,ESCOLA ESTADUAL FREI DANIEL DE SAMARATE,0,0,152,152,0.0,0.0,0.7,0.0,0.0,0.7,0.7
Igarapé-Açu,Rural,15061159,ESCOLA ESTADUAL JOAO BATISTA DE MOURA CARVALHO,17,153,123,293,0.5,1.0,0.9,0.0,0.5,0.4,0.9
Igarapé-Açu,Urbana,15060608,ESCOLA ESTADUAL JOSE ELIAS EMIN,103,218,228,549,2.5,0.5,0.5,0.5,0.2,0.2,0.9
Igarapé-Açu,Urbana,15060659,ESCOLA ESTADUAL CONEGO CALADO,0,94,846,940,0.0,0.5,0.0,0.0,0.1,0.0,0.1
Igarapé-Açu,Urbana,15060675,ESCOLA ESTADUAL DR ANGELO CESARINO,56,215,0,271,3.3,2.5,0.0,0.7,2.0,0.0,2.7
Igarapé-Açu,Urbana,15060705,ESCOLA ESTADUAL MACARIO FELIPE ANTONIO,132,393,0,525,1.7,0.7,0.0,0.4,0.5,0.0,1.0
Igarapé-Açu,Urbana,15060730,ESCOLA ESTADUAL NILO DE OLIVEIRA,0,0,210,210,0.0,0.0,1.5,0.0,0.0,1.5,1.5
Igarapé-Açu,Urbana,15156303,ESCOLA ESTADUAL PROF MARIA IONE HENRIQUE,0,164,109,273,0.0,0.6,0.1,0.0,0.4,0.0,0.4
Magalhães Barata,Rural,15049736,ESCOLA ESTADUAL MANOEL SABINO DA SILVA,0,80,65,145,0.0,0.5,0.0,0.0,0.3,0.0,0.3
Magalhães Barata,Rural,15049957,ESCOLA ESTADUAL LAMEIRA BITTENCOURT,0,78,59,137,0.0,0.0,0.5,0.0,0.0,0.2,0.2
Magalhães Barata,Urbana,15049809,ESCOLA ESTADUAL PROF MANOEL JOAQUIM MONTEIRO,0,27,247,274,0.0,1.0,0.8,0.0,0.1,0.7,0.8
Maracanã,Rural,15177351,ESCOLA ESTADUAL RURAL DE MARACANA,0,0,515,515,0.0,0.0,0.2,0.0,0.0,0.2,0.2
Maracanã,Urbana,15050149,ESCOLA ESTADUAL PRESIDENTE KENNEDY,0,0,544,544,0.0,0.0,0.4,0.0,0.0,0.4,0.4
Maracanã,Urbana,15165949,ESCOLA ESTADUAL IZIDORIO FRANCISCO DE SOUZA,0,0,177,177,0.0,0.0,0.2,0.0,0.0,0.2,0.2
Alenquer,Rural,15177785,ESCOLA ESTADUAL RURAL DE ALENQUER,0,0,773,773,0.0,0.0,0.7,0.0,0.0,0.7,0.7
Alenquer,Urbana,15005100,ESCOLA ESTADUAL SANTO ANTONIO,0,356,371,727,0.0,2.5,0.9,0.0,1.2,0.5,1.7
Alenquer,Urbana,15005143,ESCOLA ESTADUAL DR JOSE JORGE HAGE,168,378,0,546,3.1,0.5,0.0,1.0,0.3,0.0,1.3
Alenquer,Urbana,15005151,ESCOLA ESTADUAL FULGENCIO SIMOES,0,0,102,102,0.0,0.0,2.5,0.0,0.0,2.5,2.5
Alenquer,Urbana,15005186,ESCOLA ESTADUAL AMADEU BURLAMAQUI SIMOES,0,0,653,653,0.0,0.0,0.7,0.0,0.0,0.7,0.7
Alenquer,Urbana,15587282,ESCOLA ESTADUAL PROFA BEATRIZ DO VALE,0,0,473,473,0.0,0.0,0.7,0.0,0.0,0.7,0.7
Almeirim,Urbana,15016722,ESCOLA ESTADUAL FREI CONSTANCIO,0,0,718,718,0.0,0.0,0.9,0.0,0.0,0.9,0.9
Almeirim,Urbana,15017621,ESCOLA ESTADUAL PROF JOSE AGOSTINHO GUERRA,0,0,226,226,0.0,0.0,1.3,0.0,0.0,1.3,1.3
Monte Alegre,Rural,15169065,ANEXO EE FRANCISCO NOBRE DE ALMEIDA - PA 245 KM 11,0,0,74,74,0.0,0.0,0.5,0.0,0.0,0.5,0.5
Monte Alegre,Rural,15169090,ANEXO EE FRANCISCO NOBRE DE ALMEIDA - VILA DA CANP,0,0,220,220,0.0,0.0,0.6,0.0,0.0,0.6,0.6
Monte Alegre,Rural,15169189,ANEXO EE FRANCISCO NOBRE DE ALMEIDA - VILA DE MURUMURU,0,0,249,249,0.0,0.0,0.7,0.0,0.0,0.7,0.7
Monte Alegre,Rural,15170403,ANEXO EE PE EDMUNDO DE LIMA CALVO - VILA DE LIMAO,0,0,105,105,0.0,0.0,3.5,0.0,0.0,3.5,3.5
Monte Alegre,Rural,15177807,ESCOLA ESTADUAL RURAL DE MONTE ALEGRE,0,0,525,525,0.0,0.0,0.8,0.0,0.0,0.8,0.8
Monte Alegre,Urbana,15007324,ESCOLA ESTADUAL PREFEITO CARIM MELEM,0,0,485,485,0.0,0.0,1.3,0.0,0.0,1.3,1.3
Monte Alegre,Urbana,15007375,ESCOLA ESTADUAL FRANCISCO NOBRE DE ALMEIDA,0,0,280,280,0.0,0.0,0.6,0.0,0.0,0.6,0.6
Monte Alegre,Urbana,15572099,ESCOLA ESTADUAL C PRESIDENTE FERNANDO HENRIQUE,0,0,116,116,0.0,0.0,1.1,0.0,0.0,1.1,1.1
Prainha,Rural,15169073,ANEXO EE PRETEXTATO DA COSTA ALVARENGA - SANTA MARIA DO URUARA,0,0,263,263,0.0,0.0,0.3,0.0,0.0,0.3,0.3
Prainha,Rural,15169081,ANEXO EE PRETEXTATO DA COSTA ALVARENGA - BOA VISTA DO CUCARI,0,0,248,248,0.0,0.0,1.0,0.0,0.0,1.0,1.0
Prainha,Urbana,15009432,ESCOLA ESTADUAL PRETEXTATO DA COSTA ALVARENGA,0,0,572,572,0.0,0.0,0.7,0.0,0.0,0.7,0.7
Curuá,Rural,15177300,ESCOLA ESTADUAL RURAL DE CURUA,0,0,205,205,0.0,0.0,0.0,0.0,0.0,0.0,0.0
Curuá,Urbana,15566838,ESCOLA ESTADUAL SORAYA MARQUES CHAYB,0,0,539,539,0.0,0.0,0.0,0.0,0.0,0.0,0.0
Faro,Rural,15000010,ESCOLA ESTADUAL SAO JOSE,0,0,64,64,0.0,0.0,0.5,0.0,0.0,0.5,0.5
Faro,Urbana,15000028,ESCOLA ESTADUAL MARCOS BENTES DE CARVALHO,0,264,0,264,0.0,2.5,0.0,0.0,2.5,0.0,2.5
Faro,Urbana,15000036,ESCOLA ESTADUAL FLORA TEIXEIRA,0,0,313,313,0.0,0.0,1.5,0.0,0.0,1.5,1.5
Juruti,Rural,15164780,ESCOLA ESTADUAL PROFA ZENITA FREITAS DE MATOS,0,0,392,392,0.0,0.0,0.8,0.0,0.0,0.8,0.8
Juruti,Rural,15177327,ESCOLA ESTADUAL RURAL DE JURUTI,0,0,741,741,0.0,0.0,0.5,0.0,0.0,0.5,0.5
Juruti,Urbana,15000265,ESCOLA ESTADUAL DEP AMERICO PEREIRA LIMA,0,271,325,596,0.0,2.1,0.5,0.0,1.0,0.3,1.2
Juruti,Urbana,15000281,ESCOLA ESTADUAL EMANUEL SALGADO VIEIRA,0,0,922,922,0.0,0.0,2.5,0.0,0.0,2.5,2.5
Juruti,Urbana,15000290,ESCOLA ESTADUAL NOSSA SENHORA DA SAUDE,110,173,0,283,1.9,0.5,0.0,0.7,0.3,0.0,1.0
Juruti,Urbana,15578003,ESCOLA ESTADUAL VEREADOR RAIMUNDO DE SOUZA COELHO,0,0,806,806,0.0,0.0,0.5,0.0,0.0,0.5,0.5
Óbidos,Rural,15177335,ESCOLA ESTADUAL RURAL DE OBIDOS,0,0,860,860,0.0,0.0,1.9,0.0,0.0,1.9,1.9
Óbidos,Urbana,15001504,ESCOLA ESTADUAL SAO JOSE,0,0,415,415,0.0,0.0,0.5,0.0,0.0,0.5,0.5
Óbidos,Urbana,15167429,ESCOLA ESTADUAL PROF MAURICIO HAMOY,0,0,875,875,0.0,0.0,0.8,0.0,0.0,0.8,0.8
Oriximiná,Urbana,15002853,ESCOLA ESTADUAL PADRE JOSE NICOLINO DE SOUZA,0,0,1065,1065,0.0,0.0,0.9,0.0,0.0,0.9,0.9
Oriximiná,Urbana,15577058,ESCOLA ESTADUAL DR ALMIR GABRIEL,0,0,935,935,0.0,0.0,0.0,0.0,0.0,0.0,0.0
Terra Santa,Urbana,15004783,ESCOLA ESTADUAL ANTONIO CANDIDO MACHADO,0,0,874,874,0.0,0.0,0.5,0.0,0.0,0.5,0.5
Canaã dos Carajás,Urbana,15097129,ESCOLA ESTADUAL IRMA LAURA DE MARTINS CARVALHO,0,0,1640,1640,0.0,0.0,0.7,0.0,0.0,0.7,0.7
Canaã dos Carajás,Urbana,15125424,ESCOLA ESTADUAL PROF NELSON DOS PRAZERES HENRIQUE,0,0,1634,1634,0.0,0.0,1.1,0.0,0.0,1.1,1.1
Curionópolis,Rural,15178331,ESCOLA ESTADUAL PROFA JOAQUINA DIAMANTINA FERREIRA LEMOS,0,0,165,165,0.0,0.0,2.0,0.0,0.0,2.0,2.0
Curionópolis,Urbana,15124347,ESCOLA ESTADUAL DR TANCREDO DE ALMEIDA NEVES,0,0,585,585,0.0,0.0,0.9,0.0,0.0,0.9,0.9
Curionópolis,Urbana,15588599,ESCOLA ESTADUAL GOVERNADOR ALMIR GABRIEL,0,0,165,165,0.0,0.0,1.1,0.0,0.0,1.1,1.1
Eldorado do Carajás,Rural,15177726,ESCOLA ESTADUAL RURAL DE ELDORADO DO CARAJAS,0,0,166,166,0.0,0.0,0.5,0.0,0.0,0.5,0.5
Eldorado do Carajás,Urbana,15124770,ESCOLA ESTADUAL ELDORADO,0,0,347,347,0.0,0.0,0.6,0.0,0.0,0.6,0.6
Eldorado do Carajás,Urbana,15584020,ESCOLA ESTADUAL FRANCILANDIA,0,0,519,519,0.0,0.0,0.5,0.0,0.0,0.5,0.5
Parauapebas,Rural,15165981,ESCOLA ESTADUAL CRESCENDO NA PRATICA,0,0,260,260,0.0,0.0,0.5,0.0,0.0,0.5,0.5
Parauapebas,Rural,15168948,ANEXO EE EDUARDO ANGELIM - VILA PAULO FONTELES,0,0,76,76,0.0,0.0,2.5,0.0,0.0,2.5,2.5
Parauapebas,Rural,15170381,ANEXO EE EDUARDO ANGELIM - VILA CEDERE I,0,0,127,127,0.0,0.0,0.5,0.0,0.0,0.5,0.5
Parauapebas,Urbana,15125351,ESCOLA ESTADUAL CECILIA MEIRELES,0,0,564,564,0.0,0.0,0.5,0.0,0.0,0.5,0.5
Parauapebas,Urbana,15125440,ESCOLA ESTADUAL GEN EUCLYDES FIGUEIREDO,0,0,922,922,0.0,0.0,2.3,0.0,0.0,2.3,2.3
Parauapebas,Urbana,15165957,ESCOLA ESTADUAL PROF LUIS MAGNO ARAUJO,0,0,524,524,0.0,0.0,0.9,0.0,0.0,0.9,0.9
Parauapebas,Urbana,15166694,ESCOLA ESTADUAL PAULO FREIRE,0,0,318,318,0.0,0.0,2.5,0.0,0.0,2.5,2.5
Parauapebas,Urbana,15167453,ESCOLA ESTADUAL JANELAS PARA O MUNDO,0,0,1378,1378,0.0,0.0,0.2,0.0,0.0,0.2,0.2
Parauapebas,Urbana,15167747,ESCOLA ESTADUAL FARUK SALMEN,0,0,625,625,0.0,0.0,0.0,0.0,0.0,0.0,0.0
Parauapebas,Urbana,15212807,ESCOLA ESTADUAL JOAO PRUDENCIO DE BRITO,0,0,535,535,0.0,0.0,1.0,0.0,0.0,1.0,1.0
Parauapebas,Urbana,15526240,ESCOLA ESTADUAL IRMA DULCE,0,0,1636,1636,0.0,0.0,2.3,0.0,0.0,2.3,2.3
Parauapebas,Urbana,15553558,ESCOLA ESTADUAL GONCALVES DIAS,0,0,980,980,0.0,0.0,0.1,0.0,0.0,0.1,0.1
Parauapebas,Urbana,15553566,ESCOLA ESTADUAL CARLOS HENRIQUE,0,0,652,652,0.0,0.0,0.5,0.0,0.0,0.5,0.5
Parauapebas,Urbana,15584046,ESCOLA ESTADUAL PROFA MARLUCE MASSARIOL DE SOUZA,0,0,209,209,0.0,0.0,0.0,0.0,0.0,0.0,0.0
Belém,Urbana,15043304,ESCOLA ESTADUAL HONORATO FILGUEIRAS,0,0,487,487,0.0,0.0,2.5,0.0,0.0,2.5,2.5
Belém,Urbana,15043312,ESCOLA ESTADUAL INGLES DE SOUZA,95,259,0,354,0.5,0.5,0.0,0.1,0.4,0.0,0.5
Belém,Urbana,15043320,ESCOLA ESTADUAL PROF ABELARDO LEAO CONDURU,0,210,602,812,0.0,1.1,1.3,0.0,0.3,1.0,1.2
Belém,Urbana,15155390,ESCOLA ESTADUAL PROF BRUNO DE MENEZES,159,0,0,159,1.9,0.0,0.0,1.9,0.0,0.0,1.9
Belém,Urbana,15167313,ESCOLA ESTADUAL PADRE EDUARDO,0,0,261,261,0.0,0.0,0.5,0.0,0.0,0.5,0.5
Belém,Urbana,15573605,ESCOLA ESTADUAL CARANANDUBA,269,0,0,269,1.0,0.0,0.0,1.0,0.0,0.0,1.0
Santa Bárbara do Pará,Rural,15044106,ESCOLA ESTADUAL COLONIA CHICANO,0,49,0,49,0.0,0.5,0.0,0.0,0.5,0.0,0.5
Santa Bárbara do Pará,Rural,15044122,ESCOLA ESTADUAL GENIPAUBA,0,172,114,286,0.0,1.8,0.0,0.0,1.1,0.0,1.1
Santa Bárbara do Pará,Urbana,15044114,ESCOLA ESTADUAL DR PADUA COSTA,0,0,670,670,0.0,0.0,0.5,0.0,0.0,0.5,0.5
Santa Bárbara do Pará,Urbana,15044262,ESCOLA ESTADUAL SERGIO JOSE MACHADO,0,375,0,375,0.0,2.5,0.0,0.0,2.5,0.0,2.5
Santa Bárbara do Pará,Urbana,15519392,ESCOLA ESTADUAL SANTA BARBARA,0,647,0,647,0.0,0.5,0.0,0.0,0.5,0.0,0.5
Bujaru,Rural,15160513,ESCOLA ESTADUAL RAIMUNDO DE CAMPOS LOPES,0,0,189,189,0.0,0.0,0.2,0.0,0.0,0.2,0.2
Bujaru,Urbana,15044327,ESCOLA ESTADUAL DOM MARIO DE MIRANDA VILAS BOAS,0,256,463,719,0.0,0.7,0.0,0.0,0.2,0.0,0.2
Colares,Rural,15048462,ESCOLA ESTADUAL BARAO DE GUAJARA,0,79,40,119,0.0,0.3,0.6,0.0,0.2,0.2,0.4
Colares,Rural,15048500,ESCOLA ESTADUAL PRINCESA LEOPOLDINA,0,127,137,264,0.0,0.5,0.9,0.0,0.2,0.5,0.7
Colares,Rural,15048543,ESCOLA ESTADUAL MAGALHAES BARATA,0,42,34,76,0.0,0.0,3.5,0.0,0.0,1.6,1.6
Colares,Rural,15048560,ESCOLA ESTADUAL LUCIOLA BRASIL,0,81,60,141,0.0,0.0,0.1,0.0,0.0,0.0,0.0
Colares,Urbana,15048470,ESCOLA ESTADUAL NORMA GUILHON,0,0,349,349,0.0,0.0,0.9,0.0,0.0,0.9,0.9
Colares,Urbana,15048489,ESCOLA ESTADUAL DR JOSE MALCHER,0,389,0,389,0.0,2.5,0.0,0.0,2.5,0.0,2.5
Concórdia do Pará,Rural,15177505,ESCOLA ESTADUAL RURAL DE CONCORDIA DO PARA,0,0,407,407,0.0,0.0,0.0,0.0,0.0,0.0,0.0
Concórdia do Pará,Urbana,15081044,ESCOLA ESTADUAL AMABILIO ALVES PEREIRA,0,0,763,763,0.0,0.0,1.1,0.0,0.0,1.1,1.1
Concórdia do Pará,Urbana,15081052,ESCOLA ESTADUAL ALOISIO DA COSTA CHAVES,0,0,416,416,0.0,0.0,2.5,0.0,0.0,2.5,2.5
Santa Izabel do Pará,Rural,15047423,ESCOLA ESTADUAL MAGALHAES BARATA,0,0,274,274,0.0,0.0,1.3,0.0,0.0,1.3,1.3
Santa Izabel do Pará,Urbana,15047040,ESCOLA ESTADUAL ANTONIO LEMOS,0,0,737,737,0.0,0.0,0.6,0.0,0.0,0.6,0.6
Santa Izabel do Pará,Urbana,15175413,ESCOLA ESTADUAL PROF ELZA DE OLIVEIRA MAIA,0,0,90,90,0.0,0.0,0.6,0.0,0.0,0.6,0.6
Santa Izabel do Pará,Urbana,15561836,ESCOLA ESTADUAL PROFA MARIETA EMMI,0,0,493,493,0.0,0.0,0.0,0.0,0.0,0.0,0.0
Santo Antônio do Tauá,Rural,15177548,ESCOLA ESTADUAL RURAL DE SANTO ANTONIO DO TAUA,0,0,170,170,0.0,0.0,0.0,0.0,0.0,0.0,0.0
Santo Antônio do Tauá,Urbana,15047849,ESCOLA ESTADUAL INACIO MOURA,0,0,732,732,0.0,0.0,0.7,0.0,0.0,0.7,0.7
Santo Antônio do Tauá,Urbana,15578011,ESCOLA ESTADUAL CELSO RODRIGUES,0,0,204,204,0.0,0.0,1.5,0.0,0.0,1.5,1.5
São Caetano de Odivelas,Urbana,15052737,ESCOLA ESTADUAL DESEMBARGADOR OSVALDO BRITO DE FARIAS,0,0,217,217,0.0,0.0,1.5,0.0,0.0,1.5,1.5
São Caetano de Odivelas,Urbana,15052761,ESCOLA ESTADUAL ROSA ROCHA ALMEIDA,0,143,337,480,0.0,0.8,0.5,0.0,0.2,0.4,0.6
Tomé-Açu,Rural,15177157,ESCOLA ESTADUAL PROF ANNA ROSA MORAES MACIEL,0,0,560,560,0.0,0.0,0.0,0.0,0.0,0.0,0.0
Tomé-Açu,Rural,15177610,ESCOLA ESTADUAL RURAL DE TOME ACU,0,0,543,543,0.0,0.0,0.5,0.0,0.0,0.5,0.5
Tomé-Açu,Urbana,15085490,ESCOLA ESTADUAL ANTONIO BRASIL,0,0,1255,1255,0.0,0.0,0.5,0.0,0.0,0.5,0.5
Tomé-Açu,Urbana,15085520,ESCOLA ESTADUAL DR FABIO LUZ,0,0,1328,1328,0.0,0.0,0.5,0.0,0.0,0.5,0.5
Vigia,Rural,15054373,ESCOLA ESTADUAL PENHA LONGA,0,134,63,197,0.0,2.2,0.9,0.0,1.5,0.3,1.8
Vigia,Rural,15054870,ESCOLA ESTADUAL TAURIANO GIL DE SOUSA,0,97,91,188,0.0,0.0,1.6,0.0,0.0,0.8,0.8
Vigia,Rural,15054888,ESCOLA ESTADUAL ATATEUA DA BARRETA,0,14,44,58,0.0,0.5,0.8,0.0,0.1,0.6,0.7
Vigia,Rural,15138963,ESCOLA ESTADUAL SANTA ROSA,0,214,184,398,0.0,0.5,0.1,0.0,0.3,0.0,0.3
Vigia,Urbana,15054357,ESCOLA ESTADUAL BARAO DO GUAJARA,0,233,0,233,0.0,2.5,0.0,0.0,2.5,0.0,2.5
Vigia,Urbana,15054365,ESCOLA ESTADUAL CASTILHO FRANCA,0,364,0,364,0.0,0.9,0.0,0.0,0.9,0.0,0.9
Vigia,Urbana,15054381,ESCOLA ESTADUAL PRESIDENTE KENNEDY,0,309,568,877,0.0,2.0,0.2,0.0,0.7,0.1,0.8
Vigia,Urbana,15054390,ESCOLA ESTADUAL PROFA ESTER NUNES BIBAS,0,178,0,178,0.0,0.5,0.0,0.0,0.5,0.0,0.5
Vigia,Urbana,15054420,ESCOLA ESTADUAL BERTOLDO NUNES,0,0,441,441,0.0,0.0,2.5,0.0,0.0,2.5,2.5
Aveiro,Rural,15177360,ESCOLA ESTADUAL RURAL DE AVEIRO,0,0,455,455,0.0,0.0,0.5,0.0,0.0,0.5,0.5
Aveiro,Urbana,15099342,ESCOLA ESTADUAL EDUARDO ANGELIM,0,0,193,193,0.0,0.0,0.5,0.0,0.0,0.5,0.5
Belterra,Rural,15177378,ESCOLA ESTADUAL RURAL DE BELTERRA,0,0,318,318,0.0,0.0,0.7,0.0,0.0,0.7,0.7
Belterra,Urbana,15015785,ESCOLA ESTADUAL WALDEMAR MAUES,0,0,557,557,0.0,0.0,0.7,0.0,0.0,0.7,0.7
Mojuí dos Campos,Rural,15177556,ESCOLA ESTADUAL RURAL DE MOJUI DOS CAMPOS,0,0,309,309,0.0,0.0,0.5,0.0,0.0,0.5,0.5
Mojuí dos Campos,Urbana,15016668,ESCOLA ESTADUAL GOV FERNANDO GUILHON,0,0,584,584,0.0,0.0,0.6,0.0,0.0,0.6,0.6
Santarém,Rural,15011259,ESCOLA ESTADUAL SAO JOSE,0,0,386,386,0.0,0.0,0.8,0.0,0.0,0.8,0.8
Santarém,Rural,15168697,ESCOLA ESTADUAL ANTONIO FIGUEIRA,0,0,796,796,0.0,0.0,0.7,0.0,0.0,0.7,0.7
Santarém,Rural,15168760,ANEXO EE JULIA GONCALVES PASSARINHO - JACAMIN,0,0,213,213,0.0,0.0,0.6,0.0,0.0,0.6,0.6
Santarém,Rural,15168778,ANEXO EE SAO FELIPE - CIPOAL,0,0,210,210,0.0,0.0,2.5,0.0,0.0,2.5,2.5
Santarém,Rural,15169235,ESCOLA ESTADUAL DOM MACEDO COSTA,0,0,177,177,0.0,0.0,0.5,0.0,0.0,0.5,0.5
Santarém,Rural,15170098,ANEXO EE RIO TAPAJOS - BOA ESPERANCA,0,0,157,157,0.0,0.0,2.3,0.0,0.0,2.3,2.3
Santarém,Rural,15177734,ESCOLA ESTADUAL RURAL DE SANTAREM,0,0,3110,3110,0.0,0.0,0.5,0.0,0.0,0.5,0.5
Santarém,Urbana,15011275,ESCOLA ESTADUAL SAO RAIMUNDO NONATO,0,0,762,762,0.0,0.0,0.5,0.0,0.0,0.5,0.5
Santarém,Urbana,15011321,ESCOLA ESTADUAL PROF ROMANA TAVARES LEAL,0,58,39,97,0.0,3.5,1.5,0.0,2.1,0.6,2.7
Santarém,Urbana,15011356,ESCOLA ESTADUAL ALMIRANTE SOARES DUTRA,0,207,744,951,0.0,2.5,1.5,0.0,0.5,1.2,1.7
Santarém,Urbana,15011372,ESCOLA ESTADUAL ALVARO ADOLFO DA SILVEIRA,0,0,1305,1305,0.0,0.0,2.3,0.0,0.0,2.3,2.3
Santarém,Urbana,15011380,ESCOLA ESTADUAL ANTONIO BATISTA BELO DE CARVALHO,0,336,320,656,0.0,1.1,1.5,0.0,0.6,0.7,1.3
Santarém,Urbana,15011402,ESCOLA ESTADUAL BARAO DO TAPAJOS,0,123,0,123,0.0,2.5,0.0,0.0,2.5,0.0,2.5
Santarém,Urbana,15011410,ESCOLA ESTADUAL NOSSA SENHORA DE GUADALUPE,0,137,187,324,0.0,3.5,1.0,0.0,1.5,0.6,2.1
Santarém,Urbana,15011437,ESCOLA ESTADUAL PROF ALUISIO LOPES MARTINS,0,167,447,614,0.0,0.8,0.5,0.0,0.2,0.4,0.6
Santarém,Urbana,15011526,ESCOLA ESTADUAL SAO FELIPE,0,129,70,199,0.0,0.5,2.5,0.0,0.3,0.9,1.2
Santarém,Urbana,15011534,ESCOLA ESTADUAL PROF TEREZINHA DE JESUS RODRIGUES,0,120,285,405,0.0,0.9,0.7,0.0,0.3,0.5,0.8
Santarém,Urbana,15011542,ESCOLA ESTADUAL FELISBELO JAGUAR SUSSUARANA,0,0,135,135,0.0,0.0,1.1,0.0,0.0,1.1,1.1
Santarém,Urbana,15011550,ESCOLA ESTADUAL EZERIEL MONICO DE MATOS,0,0,151,151,0.0,0.0,2.3,0.0,0.0,2.3,2.3
Santarém,Urbana,15011577,ESCOLA ESTADUAL FREI AMBROSIO,0,67,710,777,0.0,2.5,1.3,0.0,0.2,1.2,1.4
Santarém,Urbana,15011585,ESCOLA ESTADUAL FREI OTHMAR,0,110,331,441,0.0,0.5,0.9,0.0,0.1,0.7,0.8
Santarém,Urbana,15011593,ESCOLA ESTADUAL GONCALVES DIAS,0,403,0,403,0.0,0.5,0.0,0.0,0.5,0.0,0.5
Santarém,Urbana,15011607,ESCOLA ESTADUAL JOSE DE ALENCAR,0,420,385,805,0.0,2.5,0.7,0.0,1.3,0.3,1.6
Santarém,Urbana,15011615,ESCOLA ESTADUAL JULIA GONCALVES PASSARINHO,0,0,262,262,0.0,0.0,0.5,0.0,0.0,0.5,0.5
Santarém,Urbana,15011623,ESCOLA ESTADUAL MADRE IMACULADA,0,278,453,731,0.0,2.5,0.5,0.0,1.0,0.3,1.3
Santarém,Urbana,15011658,ESCOLA ESTADUAL NOSSA SENHORA APARECIDA,0,80,126,206,0.0,0.5,0.5,0.0,0.2,0.3,0.5
Santarém,Urbana,15011666,ESCOLA ESTADUAL PEDRO ALVARES CABRAL,0,165,154,319,0.0,2.5,2.5,0.0,1.3,1.2,2.5
Santarém,Urbana,15011674,ESCOLA ESTADUAL PLACIDO DE CASTRO,0,0,127,127,0.0,0.0,2.5,0.0,0.0,2.5,2.5
Santarém,Urbana,15011690,ESCOLA ESTADUAL ONESIMA PEREIRA DE BARROS,0,45,102,147,0.0,0.5,2.5,0.0,0.2,1.7,1.9
Santarém,Urbana,15011704,ESCOLA ESTADUAL PROFA MARIA UCHOA MARTINS,0,0,209,209,0.0,0.0,2.5,0.0,0.0,2.5,2.5
Santarém,Urbana,15011712,ESCOLA ESTADUAL RICHARD HENNINGTON,0,128,0,128,0.0,0.5,0.0,0.0,0.5,0.0,0.5
Santarém,Urbana,15011739,ESCOLA ESTADUAL RODRIGUES DOS SANTOS,0,0,607,607,0.0,0.0,0.5,0.0,0.0,0.5,0.5
Santarém,Urbana,15015270,ESCOLA ESTADUAL DIOCESANA SAO FRANCISCO,0,0,880,880,0.0,0.0,3.3,0.0,0.0,3.3,3.3
Santarém,Urbana,15170080,ANEXO EE JULIA GONCALVES PASSARINHO - MARARU,0,0,43,43,0.0,0.0,1.5,0.0,0.0,1.5,1.5
Santarém,Urbana,15528855,ESCOLA ESTADUAL JADER FONTENELLE BARBALHO,0,0,196,196,0.0,0.0,0.8,0.0,0.0,0.8,0.8
Santarém,Urbana,15542475,ESCOLA ESTADUAL DOM TIAGO RYAN,0,186,223,409,0.0,1.1,0.5,0.0,0.5,0.3,0.8
Santarém,Urbana,15551890,ESCOLA ESTADUAL RIO TAPAJOS,0,441,630,1071,0.0,0.5,0.5,0.0,0.2,0.3,0.5
Santarém,Urbana,15585026,ESCOLA ESTADUAL MAESTRO WILSON DIAS DA FONSECA,0,0,799,799,0.0,0.0,0.5,0.0,0.0,0.5,0.5
Breu Branco,Rural,15177653,ESCOLA ESTADUAL RURAL DE BREU BRANCO,0,0,277,277,0.0,0.0,2.1,0.0,0.0,2.1,2.1
Breu Branco,Rural,15539288,ANEXO EE JOSE LOURENCO - PLACAS DO PITINGA,0,0,224,224,0.0,0.0,0.5,0.0,0.0,0.5,0.5
Breu Branco,Urbana,15558690,ESCOLA ESTADUAL JOSE LOURENCO,0,0,200,200,0.0,0.0,0.6,0.0,0.0,0.6,0.6
Breu Branco,Urbana,15575519,ESCOLA ESTADUAL SEVERO ALVES,0,0,765,765,0.0,0.0,1.3,0.0,0.0,1.3,1.3
Goianésia do Pará,Rural,15172457,ESCOLA ESTADUAL DO CAMPO PROF WILSON BAIA,0,0,97,97,0.0,0.0,0.5,0.0,0.0,0.5,0.5
Goianésia do Pará,Rural,15177629,ESCOLA ESTADUAL RURAL DE GOIANESIA DO PARA,0,0,147,147,0.0,0.0,0.5,0.0,0.0,0.5,0.5
Goianésia do Pará,Urbana,15117456,COLEGIO ESTADUAL PROF ANUNCIADA CHAVES,0,0,627,627,0.0,0.0,0.5,0.0,0.0,0.5,0.5
Novo Repartimento,Rural,15168921,ANEXO EE PAPA PAULO VI - MARACAJA,0,0,303,303,0.0,0.0,0.6,0.0,0.0,0.6,0.6
Novo Repartimento,Urbana,15114686,ESCOLA ESTADUAL PAPA PAULO VI,0,0,956,956,0.0,0.0,0.5,0.0,0.0,0.5,0.5
Novo Repartimento,Urbana,15168913,ANEXO EE PAPA PAULO VI - VILA TUCURUI,0,0,59,59,0.0,0.0,0.7,0.0,0.0,0.7,0.7
Pacajá,Rural,15177564,ESCOLA ESTADUAL RURAL DE PACAJA,0,0,332,332,0.0,0.0,0.5,0.0,0.0,0.5,0.5
Pacajá,Rural,15211053,ESCOLA ESTADUAL DOM JOSE ELIAS CHAVES,0,0,450,450,0.0,0.0,1.5,0.0,0.0,1.5,1.5
Pacajá,Urbana,15107582,ESCOLA ESTADUAL ALUISIO LOCH,0,0,396,396,0.0,0.0,2.5,0.0,0.0,2.5,2.5
Tucuruí,Urbana,15115704,ESCOLA ESTADUAL DEP RAIMUNDO RIBEIRO DE SOUZA,0,0,1146,1146,0.0,0.0,0.7,0.0,0.0,0.7,0.7
Tucuruí,Urbana,15551415,ESCOLA ESTADUAL ANA PONTES FRANCEZ,0,0,727,727,0.0,0.0,0.5,0.0,0.0,0.5,0.5
Tucuruí,Urbana,15551423,ESCOLA ESTADUAL RUI BARBOSA,0,0,403,403,0.0,0.0,2.5,0.0,0.0,2.5,2.5
Tucuruí,Urbana,15588610,ESCOLA ESTADUAL SIMAO JACINTO DOS REIS,0,0,555,555,0.0,0.0,0.5,0.0,0.0,0.5,0.5
Água Azul do Norte,Rural,15169952,ANEXO EE JOSE LUIZ MARTINS - UNIAO,0,0,133,133,0.0,0.0,0.5,0.0,0.0,0.5,0.5
Água Azul do Norte,Urbana,15123618,ESCOLA ESTADUAL JOSE LUIZ MARTINS,0,0,263,263,0.0,0.0,0.5,0.0,0.0,0.5,0.5
