regional,municipio,localizacao,escola_indigena,codigo_escola,tem_publicacao,nome_escola,eja_fundamental_iniciais,eja_fundamental_finais,eja_medio,atendimento_especializado_aee
ABAETETUBA,Abaetetuba,Urbana,False,15064280,True,ESCOLA ESTADUAL SAO FRANCISCO XAVIER,0.0,0.0,0.0,0.5
ABAETETUBA,Abaetetuba,Urbana,False,15064360,True,ESCOLA ESTADUAL PROF BERNARDINO PEREIRA DE BARROS,0.0,0.0,0.0,0.5
ABAETETUBA,Abaetetuba,Urbana,False,15064417,True,ESCOLA ESTADUAL PROF CARMEM CARDOSO FERREIRA,0.0,0.0,0.0,0.5
ABAETETUBA,Abaetetuba,Urbana,False,15064450,True,ESCOLA ESTADUAL PROF BASILIO DE CARVALHO,0.0,0.0,0.0,0.5
ABAETETUBA,Abaetetuba,Urbana,False,15064514,True,ESCOLA ESTADUAL TEREZINHA DE JESUS F LIMA,0.0,0.0,0.0,0.5
ABAETETUBA,Abaetetuba,Urbana,False,15064557,True,ESCOLA ESTADUAL PROF LAURA DOS SANTOS RIBEIRO,0.0,0.0,0.0,0.5
ABAETETUBA,Abaetetuba,Urbana,False,15064646,True,ESCOLA ESTADUAL PEDRO TEIXEIRA,0.0,0.0,0.0,0.5
ABAETETUBA,Abaetetuba,Urbana,False,15064654,True,ESCOLA ESTADUAL PROF LEONARDO NEGRAO DE SOUSA,0.0,0.0,0.0,0.5
ABAETETUBA,Abaetetuba,Urbana,False,15064905,True,ESCOLA ESTADUAL ESMERINA BOU HABIB,0.0,0.5,0.5,0.5
ABAETETUBA,Abaetetuba,Urbana,False,15065006,True,ESCOLA ESTADUAL PROF LEONIDAS MONTE,0.0,0.5,0.5,0.5
ABAETETUBA,Abaetetuba,Urbana,False,15066878,True,ESCOLA ESTADUAL CRISTO REDENTOR,0.0,0.0,0.0,0.5
ABAETETUBA,Abaetetuba,Rural,False,15067157,True,ESCOLA ESTADUAL SAO MIGUEL DE BEJA,0.0,0.5,0.5,0.5
ABAETETUBA,Abaetetuba,Urbana,False,15096700,True,ESCOLA ESTADUAL CRISTO TRABALHADOR,0.0,0.0,0.0,0.5
ABAETETUBA,Abaetetuba,Rural,False,15163768,True,ESCOLA ESTADUAL DO CAMPO PROFA BENEDITA LIMA ARAUJ,,0.5,0.5,0.5
ABAETETUBA,Abaetetuba,Rural,False,15169057,True,ANEXO EE PROF BASILIO DE CARVALHO - RIO QUIANDUBA,0.0,0.0,0.0,0.5
ABAETETUBA,Abaetetuba,Rural,False,15169944,True,ANEXO EE PEDRO TEIXEIRA - RIO CAMPOMPEMA,0.0,0.0,0.0,0.5
ABAETETUBA,Abaetetuba,Rural,False,15169987,True,ANEXO EE PROF BASILIO DE CARVALHO - RIO ARUMANDUBA,0.0,0.0,0.0,0.5
ABAETETUBA,Abaetetuba,Rural,False,15170020,True,ANEXO EE PROF LEONARDO NEGRAO DE SOUSA - COLONIA,,0.0,0.0,0.5
ABAETETUBA,Abaetetuba,Rural,False,15170713,True,ANEXO EE PROF BENVINDA DE ARAUJO PONTES - RIO ITACUR,,0.0,0.0,0.5
ABAETETUBA,Abaetetuba,Rural,False,15175642,True,ANEXO EE PEDRO TEIXEIRA - RIO FURO GRANDE,0.0,0.0,0.0,0.5
ABAETETUBA,Abaetetuba,Rural,False,15177416,True,ESCOLA ESTADUAL RURAL DE ABAETETUBA,0.0,0.0,0.0,0.5
ABAETETUBA,Abaetetuba,Rural,False,15179710,True,ANEXO EE PROF BENVINDA DE ARAUJO PONTES - AJUAI,0.0,0.0,0.0,0.5
ABAETETUBA,Abaetetuba,Urbana,False,15555186,True,ESCOLA ESTADUAL PROF BENVINDA DE ARAUJO PONTES,0.0,0.0,0.0,0.5
ABAETETUBA,Abaetetuba,Urbana,False,15576396,True,ESCOLA ESTADUAL IRMA STELLA MARIA,0.0,0.0,0.0,0.5
MARABA,Abel Figueiredo,Urbana,False,15116220,True,ESCOLA ESTADUAL PROF HELIO FROTA LIMA,0.0,0.0,0.0,0.5
ABAETETUBA,Acará,Rural,False,15177440,True,ESCOLA ESTADUAL RURAL DE ACARA,0.0,0.0,0.0,0.5
ABAETETUBA,Acará,Urbana,False,15569748,True,ESCOLA ESTADUAL FELIPE PATRONI,0.0,0.0,0.5,0.5
ABAETETUBA,Acará,Urbana,False,15585042,True,ESCOLA ESTADUAL PROFA DEUSALINA DA CUNHA E SOUZA C,,0.0,0.5,0.5
AFUA,Afuá,Urbana,False,15022617,True,ESCOLA ESTADUAL LEOPOLDINA GUERREIRO,0.0,0.0,0.5,0.5
AFUA,Afuá,Rural,False,15178200,True,ESCOLA ESTADUAL RURAL DE AFUA,0.0,0.0,0.0,0.5
XINGUARA,Água Azul do Norte,Urbana,False,15123618,True,ESCOLA ESTADUAL JOSE LUIZ MARTINS,0.0,0.0,0.0,0.5
XINGUARA,Água Azul do Norte,Rural,False,15169952,True,ANEXO EE JOSE LUIZ MARTINS - UNIAO,0.0,0.0,0.0,0.5
MONTE ALEGRE,Alenquer,Urbana,False,15005100,True,ESCOLA ESTADUAL SANTO ANTONIO,0.0,0.5,0.5,0.5
MONTE ALEGRE,Alenquer,Urbana,False,15005143,True,ESCOLA ESTADUAL DR JOSE JORGE HAGE,0.0,0.0,0.0,0.5
MONTE ALEGRE,Alenquer,Urbana,False,15005151,True,ESCOLA ESTADUAL FULGENCIO SIMOES,0.0,0.0,0.0,0.5
MONTE ALEGRE,Alenquer,Urbana,False,15005186,True,ESCOLA ESTADUAL AMADEU BURLAMAQUI SIMOES,0.0,0.0,0.5,0.5
MONTE ALEGRE,Alenquer,Rural,False,15177785,True,ESCOLA ESTADUAL RURAL DE ALENQUER,0.0,0.0,0.5,0.5
MONTE ALEGRE,Alenquer,Urbana,False,15587282,True,ESCOLA ESTADUAL PROFA BEATRIZ DO VALE,0.0,0.0,0.5,0.5
MONTE ALEGRE,Almeirim,Urbana,False,15016722,True,ESCOLA ESTADUAL FREI CONSTANCIO,0.0,0.0,0.5,0.5
MONTE ALEGRE,Almeirim,Urbana,False,15017621,True,ESCOLA ESTADUAL PROF JOSE AGOSTINHO GUERRA,0.0,0.0,0.0,0.5
MONTE ALEGRE,Almeirim,Rural,False,15177793,False,ESCOLA ESTADUAL RURAL DE ALMEIRIM,0.0,0.0,0.0,0.5
ALTAMIRA,Altamira,Urbana,False,15104893,True,ESCOLA ESTADUAL PROFA DAIRCE PEDROSA TORRES,0.0,0.0,0.0,0.5
ALTAMIRA,Altamira,Urbana,False,15104907,True,ESCOLA ESTADUAL POLIVALENTE,0.0,0.0,0.5,0.5
ALTAMIRA,Altamira,Urbana,False,15106101,True,ESCOLA ESTADUAL GETULIO VARGAS,0.0,0.0,0.0,0.5
ALTAMIRA,Altamira,Urbana,False,15139603,True,ESCOLA ESTADUAL BARTOLOMEU MORAES DA SILVA,0.0,0.0,0.5,0.5
ALTAMIRA,Altamira,Urbana,False,15169138,True,ESCOLA ESTADUAL ODILA DE SOUSA,0.0,0.0,0.5,0.5
ALTAMIRA,Altamira,Rural,False,15177858,False,ESCOLA ESTADUAL RURAL DE ALTAMIRA,0.0,0.0,0.5,0.5
ALTAMIRA,Altamira,Urbana,False,15583058,True,ESCOLA ESTADUAL PROFA DUCILLA ALMEIDA DO NASCIMEN,,0.0,0.0,0.5
BREVES,Anajás,Urbana,False,15024237,False,ESCOLA ESTADUAL RUI BARBOSA,0.0,0.0,0.5,0.5
BREVES,Anajás,Rural,False,15178218,True,ESCOLA ESTADUAL RURAL DE ANAJAS,0.0,0.0,0.0,0.5
ANANINDEUA 01,Ananindeua,Urbana,False,15033830,True,ESCOLA ESTADUAL PRINCESA ISABEL - CENTRO,0.0,0.0,0.0,0.5
ANANINDEUA 05,Ananindeua,Urbana,False,15033864,True,ESCOLA ESTADUAL NOVO HORIZONTE,0.0,0.0,0.5,0.5
ANANINDEUA 04,Ananindeua,Urbana,False,15033945,True,ESCOLA ESTADUAL CINDERELA,0.0,0.0,0.0,0.5
BELEM 06,Ananindeua,Urbana,False,15033970,True,ESCOLA ESTADUAL C MAES NOSSA SENHORA APAR PARQUE,,0.0,0.0,0.5
ANANINDEUA 02,Ananindeua,Urbana,False,15034046,True,ESCOLA ESTADUAL DOM ALBERTO GALDENCIO RAMOS,0.0,0.5,0.5,0.5
ANANINDEUA 03,Ananindeua,Urbana,False,15034054,True,ESCOLA ESTADUAL PROF JOSE VALENTE RIBEIRO,0.0,0.5,0.5,0.5
ANANINDEUA 05,Ananindeua,Urbana,False,15034143,True,ESCOLA ESTADUAL PRINCIPE DA PAZ,0.0,0.0,0.0,0.5
ANANINDEUA 03,Ananindeua,Urbana,False,15034186,True,ESCOLA ESTADUAL MINISTRO ALCIDES CARNEIRO,0.0,0.0,0.0,0.5
ANANINDEUA 04,Ananindeua,Urbana,False,15034321,True,ESCOLA ESTADUAL CANDIDO HORACIO EVELIN,0.0,0.5,0.0,0.5
ANANINDEUA 02,Ananindeua,Urbana,False,15034330,True,ESCOLA ESTADUAL CELINA DEL TETTO,0.0,0.0,0.0,0.5
ANANINDEUA 05,Ananindeua,Urbana,False,15034348,True,ESCOLA ESTADUAL ANTONIO BEZERRA FALCAO,0.0,0.0,0.0,0.5
ANANINDEUA 02,Ananindeua,Urbana,False,15034364,True,ESCOLA ESTADUAL ONEIDE DE SOUZA TAVARES,0.0,0.0,0.0,0.5
ANANINDEUA 03,Ananindeua,Urbana,False,15034372,True,ESCOLA ESTADUAL JOAO CARLOS BATISTA,0.0,0.5,0.5,0.5
ANANINDEUA 02,Ananindeua,Urbana,False,15034380,True,ESCOLA ESTADUAL PROF GELMIREZ MELO E SILVA,0.0,0.0,0.0,0.5
ANANINDEUA 04,Ananindeua,Urbana,False,15034399,True,ESCOLA ESTADUAL MADRE CELESTE,0.0,0.0,0.0,0.5
ANANINDEUA 01,Ananindeua,Urbana,False,15034410,True,ESCOLA ESTADUAL ANTONIO TEIXEIRA GUEIROS,0.0,0.0,0.5,0.5
ANANINDEUA 03,Ananindeua,Urbana,False,15034437,True,ESCOLA ESTADUAL ARIRI,0.0,0.0,0.0,0.5
ANANINDEUA 03,Ananindeua,Urbana,False,15034445,True,ESCOLA ESTADUAL JOAQUIM VIANA,0.0,0.0,0.5,0.5
BELEM 06,Ananindeua,Urbana,False,15034461,True,ESCOLA ESTADUAL PROFA EUGENIA CAVALLEIRO DE MACED,,0.0,0.0,0.5
ANANINDEUA 02,Ananindeua,Urbana,False,15034470,True,ESCOLA ESTADUAL PROF JOSE ASSIS RIBEIRO,0.0,0.0,0.0,0.5
ANANINDEUA 04,Ananindeua,Urbana,False,15034496,True,ESCOLA ESTADUAL PROFA MARIA ARAUJO FIGUEIREDO,0.0,0.0,0.0,0.5
ANANINDEUA 02,Ananindeua,Urbana,False,15034500,True,ESCOLA ESTADUAL PROFA REGINA COELI SOUZA SILVA,0.0,0.0,0.5,0.5
ANANINDEUA 05,Ananindeua,Urbana,False,15034542,True,ESCOLA ESTADUAL BOM JARDIM,0.0,0.0,0.0,0.5
ANANINDEUA 02,Ananindeua,Urbana,False,15034550,True,ESCOLA ESTADUAL DEP ARMANDO CORREA,0.0,0.0,0.0,0.5
ANANINDEUA 04,Ananindeua,Urbana,False,15034569,True,ESCOLA ESTADUAL AGOSTINHO MONTEIRO,0.0,0.5,0.0,0.5
ANANINDEUA 02,Ananindeua,Urbana,False,15034585,True,ESCOLA ESTADUAL DR GASPAR VIANNA,0.0,0.0,0.0,0.5
BELEM 06,Ananindeua,Urbana,False,15034607,True,ESCOLA ESTADUAL JADERLANDIA,0.0,0.0,0.5,0.5
ANANINDEUA 05,Ananindeua,Urbana,False,15034631,True,ESCOLA ESTADUAL JULIA SEFFER,0.0,0.5,0.5,0.5
ANANINDEUA 02,Ananindeua,Urbana,False,15034640,True,ESCOLA ESTADUAL LUIZ NUNES DIREITO,0.0,0.5,0.5,0.5
ANANINDEUA 05,Ananindeua,Urbana,False,15034658,True,ESCOLA ESTADUAL MARIA ENCARNACAO DE ARAUJO,0.0,0.0,0.0,0.5
ANANINDEUA 01,Ananindeua,Urbana,False,15034666,True,ESCOLA ESTADUAL MAGUARI,0.0,0.0,0.0,0.5
ANANINDEUA 05,Ananindeua,Urbana,False,15034674,True,ESCOLA ESTADUAL OSCARINA PENALBER,0.0,0.0,0.0,0.5
ANANINDEUA 05,Ananindeua,Urbana,False,15034747,True,ESCOLA ESTADUAL RAMIRO OLAVO RIBEIRO DE CASTRO,0.0,0.5,0.5,0.5
ANANINDEUA 01,Ananindeua,Urbana,False,15034755,True,ESCOLA ESTADUAL JOSE MARCELINO DE OLIVEIRA,0.0,0.0,0.5,0.5
ANANINDEUA 02,Ananindeua,Urbana,False,15034763,True,ESCOLA ESTADUAL LUCY CORREA DE ARAUJO,0.0,0.5,0.5,0.5
BELEM 06,Ananindeua,Urbana,False,15034771,True,ESCOLA ESTADUAL PRINCESA ISABEL - ATALAIA,0.0,0.5,0.5,0.5
ANANINDEUA 05,Ananindeua,Urbana,False,15034780,True,ESCOLA ESTADUAL EROTILDES FROTA AGUIAR,0.0,0.0,0.0,0.5
ANANINDEUA 04,Ananindeua,Urbana,False,15034810,True,ESCOLA ESTADUAL GREGORIO DE ALMEIDA BRITO,0.5,0.5,0.0,0.5
ANANINDEUA 04,Ananindeua,Urbana,False,15034828,True,ESCOLA ESTADUAL COMANDANTE LAURINDO CANDIDO AZEI,,0.0,0.0,0.5
ANANINDEUA 04,Ananindeua,Urbana,False,15034836,True,ESCOLA ESTADUAL PROF ZULIMA VERGOLINO DIAS,0.0,0.0,0.0,0.5
ANANINDEUA 02,Ananindeua,Urbana,False,15034844,True,ESCOLA ESTADUAL PROF ANTONIO GONDIM LINS,0.0,0.0,0.5,0.5
ANANINDEUA 04,Ananindeua,Urbana,False,15034887,True,ESCOLA ESTADUAL RUI BARATA,0.0,0.0,0.0,0.5
ANANINDEUA 01,Ananindeua,Urbana,False,15034909,True,ESCOLA ESTADUAL WALTER BEZERRA FALCAO,0.0,0.0,0.0,0.5
ANANINDEUA 02,Ananindeua,Urbana,False,15035425,True,ESCOLA ESTADUAL ELAINE ISMAELINO DE FREITAS,0.0,0.0,0.0,0.5
ANANINDEUA 02,Ananindeua,Urbana,False,15035530,True,ESCOLA ESTADUAL ANTONIO SAMPAIO,0.0,0.0,0.0,0.5
ANANINDEUA 05,Ananindeua,Urbana,False,15035581,True,ESCOLA ESTADUAL INSTITUTO BOM PASTOR,0.0,0.0,0.0,0.5
ANANINDEUA 05,Ananindeua,Urbana,False,15035590,True,ESCOLA ESTADUAL JOAO XXIII,0.0,0.0,0.0,0.5
BELEM 09,Ananindeua,Urbana,False,15035620,True,ESCOLA ESTADUAL CARLOS DRUMMOND DE ANDRADE,0.0,0.5,0.0,0.5
ANANINDEUA 03,Ananindeua,Urbana,False,15035646,True,ESCOLA ESTADUAL CRISTO REDENTOR,0.0,0.0,0.0,0.5
ANANINDEUA 04,Ananindeua,Urbana,False,15035662,True,ESCOLA ESTADUAL JORNALISTA ROMULO MAIORANA,0.0,0.5,0.5,0.5
ANANINDEUA 04,Ananindeua,Urbana,False,15140587,True,ESCOLA ESTADUAL MARIA DE NAZARE MARQUES RIOS,0.0,0.5,0.5,0.5
ANANINDEUA 05,Ananindeua,Urbana,False,15143970,True,ESCOLA ESTADUAL NOVAS AGUAS LINDAS,0.0,0.0,0.0,0.5
ANANINDEUA 01,Ananindeua,Urbana,False,15144720,True,ESCOLA ESTADUAL JARDIM JADER BARBALHO,0.0,0.0,0.0,0.5
ANANINDEUA 05,Ananindeua,Urbana,False,15144801,True,ESCOLA ESTADUAL ENEIDA DE MORAES,0.0,0.5,0.5,0.5
ANANINDEUA 04,Ananindeua,Urbana,False,15154904,True,ESCOLA ESTADUAL ICUI LARANJEIRA,0.0,0.0,0.0,0.5
ANANINDEUA 01,Ananindeua,Urbana,False,15167054,False,ESCOLA ESTADUAL PROF ANTONIO CARLOS GOMES DA COS,,0.5,0.0,0.5
ANANINDEUA 03,Ananindeua,Urbana,False,15515613,True,ESCOLA ESTADUAL CENTRO EDUCACIONAL AMAZONIA,0.0,0.0,0.0,0.5
ANANINDEUA 01,Ananindeua,Urbana,False,15516830,True,ESCOLA ESTADUAL ANANI,0.0,0.0,0.0,0.5
ANANINDEUA 03,Ananindeua,Urbana,False,15516954,True,ESCOLA ESTADUAL NAIR RODRIGUES DE CALDAS BRITO ZALU,,0.0,0.0,0.5
ANANINDEUA 01,Ananindeua,Urbana,False,15517039,True,ESCOLA ESTADUAL ESPIRITO SANTO,0.0,0.0,0.0,0.5
ANANINDEUA 04,Ananindeua,Urbana,False,15520560,True,ESCOLA ESTADUAL PITAGORAS,0.0,0.0,0.5,0.5
ANANINDEUA 03,Ananindeua,Urbana,False,15521117,True,ESCOLA ESTADUAL CONSUELO COELHO E SOUZA,0.0,0.0,0.0,0.5
ANANINDEUA 01,Ananindeua,Urbana,False,15521141,True,ESCOLA ESTADUAL CENTRO COMUNITARIO VILA ESPERANCA,0.0,0.5,0.0,0.5
ANANINDEUA 04,Ananindeua,Urbana,False,15521150,True,ESCOLA ESTADUAL PADRE PIETRO GEROSA,0.0,0.0,0.0,0.5
ANANINDEUA 01,Ananindeua,Urbana,False,15523420,True,ESCOLA ESTADUAL ARMANDO FAJARDO,0.0,0.0,0.0,0.5
BELEM 06,Ananindeua,Urbana,False,15535134,True,ESCOLA ESTADUAL SAO VICENTE,0.0,0.0,0.0,0.5
ANANINDEUA 02,Ananindeua,Urbana,False,15539865,True,ESCOLA ESTADUAL MORADORES CRISTO REI,0.0,0.0,0.0,0.5
ANANINDEUA 04,Ananindeua,Urbana,False,15544850,True,ESCOLA ESTADUAL CONEGO BATISTA CAMPOS,0.0,0.0,0.0,0.5
ANANINDEUA 02,Ananindeua,Urbana,False,15564363,True,ESCOLA ESTADUAL PROF FRANCISCO PAULO DO NASCIMEN,,0.5,0.5,0.5
ANANINDEUA 01,Ananindeua,Urbana,False,15571955,True,ESCOLA ESTADUAL BENEDITO CELSO PADUA COSTA,0.0,0.0,0.0,0.5
ANANINDEUA 01,Ananindeua,Urbana,False,15574199,True,ESCOLA ESTADUAL RAIMUNDO VERA CRUZ,0.0,0.0,0.5,0.5
ANANINDEUA 01,Ananindeua,Urbana,False,15578020,True,ESCOLA ESTADUAL IZABEL AMAZONAS,0.0,0.0,0.0,0.5
ANANINDEUA 05,Ananindeua,Urbana,False,15578038,True,ESCOLA ESTADUAL NAIR ZALUTH,0.0,0.0,0.0,0.5
ANANINDEUA 01,Ananindeua,Urbana,False,15581853,True,ESCOLA ESTADUAL PROFA MARIA HELENA VALENTE TAVARES,0.0,0.0,0.5,0.5
ANANINDEUA 02,Ananindeua,Urbana,False,15586332,True,ESCOLA ESTADUAL PARAENSE,0.0,0.0,0.0,0.5
ANANINDEUA 02,Ananindeua,Urbana,False,15590917,True,ESCOLA ESTADUAL PROF MANOEL SATURNINO DE ANDRADE,,0.5,0.5,0.5
ALTAMIRA,Anapu,Rural,False,15177874,True,ESCOLA ESTADUAL RURAL DE ANAPU,0.0,0.0,0.0,0.5
ALTAMIRA,Anapu,Urbana,False,15575497,True,ESCOLA ESTADUAL MARIA JOSE SANTANA DA SILVA,0.0,0.0,0.5,0.5
ALTAMIRA,Anapu,Urbana,False,15582728,True,ESCOLA ESTADUAL SANTA CLARA,0.0,0.0,0.0,0.5
BRAGANCA,Augusto Corrêa,Urbana,False,15054900,True,ESCOLA ESTADUAL PROF GALVAO,0.0,0.0,0.5,0.5
BRAGANCA,Augusto Corrêa,Rural,False,15055582,True,ESCOLA ESTADUAL ANDRE ALVES,0.0,0.0,0.5,0.5
BRAGANCA,Augusto Corrêa,Rural,False,15055906,True,ESCOLA ESTADUAL EMILIANO PICANCO DA COSTA,0.0,0.0,0.5,0.5
BRAGANCA,Augusto Corrêa,Rural,False,15177394,True,ESCOLA ESTADUAL RURAL DE AUGUSTO CORREA,0.0,0.0,0.5,0.5
BRAGANCA,Augusto Corrêa,Rural,False,15550079,True,ESCOLA ESTADUAL BENEDITO CARDOSO DE ATHAYDE,0.0,0.0,0.5,0.5
MAE DO RIO,Aurora do Pará,Urbana,False,15087042,True,ESCOLA ESTADUAL PROF HILDEBERTO REIS,0.0,0.0,0.5,0.5
MAE DO RIO,Aurora do Pará,Rural,False,15087050,True,ESCOLA ESTADUAL DR LAUDELINO PINTO SOARES,0.0,0.0,0.0,0.5
MAE DO RIO,Aurora do Pará,Rural,False,15087077,True,ESCOLA ESTADUAL MANOEL EMILIO PANTOJA,0.0,0.0,0.5,0.5
MAE DO RIO,Aurora do Pará,Rural,False,15177955,True,ESCOLA ESTADUAL RURAL DE AURORA DO PARA,0.0,0.0,0.0,0.5
SANTAREM,Aveiro,Urbana,False,15099342,True,ESCOLA ESTADUAL EDUARDO ANGELIM,0.0,0.0,0.0,0.5
SANTAREM,Aveiro,Rural,False,15177360,True,ESCOLA ESTADUAL RURAL DE AVEIRO,0.0,0.0,0.0,0.5
BREVES,Bagre,Urbana,False,15018644,True,ESCOLA ESTADUAL JULIAO BERTOLDO DE CASTRO,0.0,0.0,0.5,0.5
CAMETA,Baião,Urbana,False,15067564,True,ESCOLA ESTADUAL FRANCISCA NOGUEIRA DA COSTA RAMO,,0.0,0.5,0.5
CAMETA,Baião,Rural,False,15168824,True,ANEXO EE FRANCISCA NOGUEIRA DA COSTA RAMOS - SAO JO,,,0.5,0.5
CAMETA,Baião,Rural,False,15177602,True,ESCOLA ESTADUAL RURAL DE BAIAO,0.0,0.0,0.5,0.5
XINGUARA,Bannach,Urbana,False,15120864,True,ESCOLA ESTADUAL GERALDO FERNANDES DE OLIVEIRA,0.0,0.0,0.0,0.5
ABAETETUBA,Barcarena,Urbana,False,15035735,True,ESCOLA ESTADUAL PADRE JOSE DELGARDES,0.0,0.0,0.5,0.5
ABAETETUBA,Barcarena,Urbana,False,15035867,True,ESCOLA ESTADUAL CONEGO BATISTA CAMPOS,0.0,0.5,0.5,0.5
ABAETETUBA,Barcarena,Urbana,False,15035891,True,ESCOLA ESTADUAL EDUARDO ANGELIM,0.0,0.0,0.5,0.5
ABAETETUBA,Barcarena,Urbana,False,15035921,True,ESCOLA ESTADUAL ACY DE JESUS BARROS PEREIRA - VILA SA,,0.0,0.5,0.5
ABAETETUBA,Barcarena,Urbana,False,15035956,True,ESCOLA ESTADUAL JOSE MARIA DE MORAES,0.0,0.0,0.0,0.5
ABAETETUBA,Barcarena,Urbana,False,15035964,True,ESCOLA ESTADUAL PROF JOSE MARIA MACHADO,0.0,0.0,0.5,0.5
ABAETETUBA,Barcarena,Urbana,False,15037070,True,ESCOLA ESTADUAL PRESIDENTE DUTRA,0.0,0.0,0.5,0.5
ABAETETUBA,Barcarena,Urbana,False,15576370,True,ESCOLA ESTADUAL PALMIRA GABRIEL,0.0,0.0,0.5,0.5
ANANINDEUA 03,Belém,Urbana,False,15034151,True,ESCOLA ESTADUAL JARDIM SIDERAL,0.0,0.0,0.0,0.5
BELEM 09,Belém,Urbana,False,15034682,True,ESCOLA ESTADUAL PEDRO CARNEIRO,0.0,0.0,0.0,0.5
BELEM 09,Belém,Urbana,False,15034739,True,ESCOLA ESTADUAL MARIA GABRIELA RAMOS DE OLIVEIRA,0.0,0.0,0.0,0.5
ANANINDEUA 03,Belém,Urbana,False,15035042,True,ESCOLA ESTADUAL ELCIONE BARBALHO,0.0,0.0,0.0,0.5
BELEM 06,Belém,Urbana,False,15035220,True,ESCOLA ESTADUAL PE ORIONE,0.0,0.0,0.0,0.5
ANANINDEUA 03,Belém,Urbana,False,15035239,True,ESCOLA ESTADUAL PEDRO MARQUES DE MESQUITA,0.0,0.0,0.0,0.5
ANANINDEUA 05,Belém,Urbana,False,15035557,True,ESCOLA ESTADUAL RAINHA DA PAZ,0.0,0.0,0.0,0.5
BELEM 02,Belém,Urbana,False,15037126,True,ESCOLA ESTADUAL MORADORES VILA NOVA P MOURA CARV,,0.0,0.0,0.5
BELEM 06,Belém,Urbana,False,15037215,True,ESCOLA ESTADUAL PROF FRANCISCO DA SILVA NUNES,0.0,0.0,0.0,0.5
BELEM 07,Belém,Urbana,False,15037223,True,ESCOLA ESTADUAL CASA DA CRIANCA SANTA INES,0.0,0.0,0.0,0.5
ANANINDEUA 03,Belém,Urbana,False,15037991,True,ESCOLA ESTADUAL CONEGO BATISTA CAMPOS,0.0,0.0,0.0,0.5
BELEM 07,Belém,Urbana,False,15038378,True,ESCOLA ESTADUAL PEDRO AMAZONAS PEDROSO,0.0,0.0,0.0,0.5
BELEM 02,Belém,Urbana,False,15038505,True,ESCOLA ESTADUAL SANTA MARIA DE BELEM,0.0,0.0,0.0,0.5
BELEM 02,Belém,Urbana,False,15038696,True,ESCOLA ESTADUAL MARLUCE PACHECO FERREIRA,0.0,0.0,0.0,0.5
BELEM 07,Belém,Urbana,False,15038700,True,ESCOLA ESTADUAL VISCONDE DE SOUZA FRANCO,0.0,0.0,0.0,0.5
BELEM 05,Belém,Urbana,False,15038769,True,ESCOLA ESTADUAL BARAO DE IGARAPE MIRI,0.0,0.0,0.0,0.5
BELEM 05,Belém,Urbana,False,15038815,True,ESCOLA ESTADUAL MADRE ZARIFE SALES,0.0,0.0,0.0,0.5
BELEM 05,Belém,Urbana,False,15038874,True,ESCOLA ESTADUAL PROF VIRGILIO LIBONATI,0.0,0.0,0.0,0.5
BELEM 03,Belém,Urbana,False,15039170,True,ESCOLA ESTADUAL BENTO XV,0.0,0.0,0.0,0.5
BELEM 03,Belém,Urbana,False,15039226,True,ESCOLA ESTADUAL MARIA LUIZA VELLA ALVES,0.5,0.5,0.0,0.5
BELEM 07,Belém,Urbana,False,15039234,True,ESCOLA ESTADUAL PAULINO DE BRITO,0.0,0.0,0.5,0.5
BELEM 01,Belém,Urbana,False,15039242,True,ESCOLA ESTADUAL PROFA EMILIANA SARMENTO FERREIRA,0.0,0.0,0.0,0.5
BELEM 06,Belém,Urbana,False,15039250,True,ESCOLA ESTADUAL PROFA HILDA VIEIRA,0.0,0.5,0.5,0.5
BELEM 06,Belém,Urbana,False,15039285,True,ESCOLA ESTADUAL VIRGINIA ALVES DA CUNHA,0.0,0.0,0.0,0.5
BELEM 05,Belém,Urbana,False,15039480,True,ESCOLA ESTADUAL ALEXANDRE ZACARIAS DE ASSUNCAO,0.0,0.0,0.5,0.5
BELEM 04,Belém,Urbana,False,15039498,True,ESCOLA ESTADUAL PROF WALDEMAR RIBEIRO,0.0,0.0,0.0,0.5
BELEM 04,Belém,Urbana,False,15039501,True,ESCOLA ESTADUAL VERA SIMPLICIO,0.0,0.0,0.0,0.5
BELEM 07,Belém,Urbana,False,15039510,True,ESCOLA ESTADUAL PROFA ANESIA,0.0,0.0,0.0,0.5
BELEM 08,Belém,Urbana,False,15039528,True,ESCOLA ESTADUAL ALDEBARO KLAUTAU,0.0,0.0,0.5,0.5
BELEM 06,Belém,Urbana,False,15039536,True,ESCOLA ESTADUAL ALMIRANTE TAMANDARE,0.5,0.5,0.0,0.5
BELEM 03,Belém,Urbana,False,15039544,True,ESCOLA ESTADUAL DONA ALZIRA TEIXEIRA DE SOUZA,0.0,0.0,0.0,0.5
BELEM 03,Belém,Urbana,False,15039552,True,ESCOLA ESTADUAL AMILCAR ALVES TUPIASSU,0.0,0.0,0.5,0.5
BELEM 04,Belém,Urbana,False,15039587,True,ESCOLA ESTADUAL AUGUSTO MONTENEGRO,0.0,0.0,0.5,0.5
BELEM 04,Belém,Urbana,False,15039595,True,ESCOLA ESTADUAL BARAO DO RIO BRANCO,0.5,0.5,0.5,0.5
BELEM 04,Belém,Urbana,False,15039609,True,ESCOLA ESTADUAL BENJAMIN CONSTANT,0.0,0.0,0.0,0.5
BELEM 02,Belém,Urbana,False,15039617,True,ESCOLA ESTADUAL CALDEIRA CASTELO BRANCO,0.0,0.0,0.0,0.5
BELEM 06,Belém,Urbana,False,15039625,True,ESCOLA ESTADUAL CORNELIO DE BARROS,0.0,0.0,0.0,0.5
BELEM 05,Belém,Urbana,False,15039633,True,ESCOLA ESTADUAL ACACIO FELICIO SOBRAL,0.0,0.0,0.0,0.5
BELEM 04,Belém,Urbana,False,15039641,True,ESCOLA ESTADUAL DEODORO DE MENDONCA,0.0,0.0,0.5,0.5
BELEM 07,Belém,Urbana,False,15039650,True,ESCOLA ESTADUAL LAURO SODRE,0.0,0.0,0.0,0.5
BELEM 02,Belém,Urbana,False,15039668,True,ESCOLA ESTADUAL ARTHUR PORTO,0.0,0.0,0.5,0.5
BELEM 04,Belém,Urbana,False,15039676,True,ESCOLA ESTADUAL DR JUSTO CHERMONT,0.0,0.0,0.5,0.5
BELEM 02,Belém,Urbana,False,15039684,True,ESCOLA ESTADUAL PADRE BENEDITO CHAVES,0.0,0.0,0.0,0.5
BELEM 03,Belém,Urbana,False,15039692,True,ESCOLA ESTADUAL AMAZONAS DE FIGUEIREDO,0.0,0.0,0.0,0.5
BELEM 05,Belém,Urbana,False,15039706,True,ESCOLA ESTADUAL AUGUSTO OLIMPIO,0.5,0.5,0.5,0.5
BELEM 07,Belém,Urbana,False,15039714,True,ESCOLA ESTADUAL DOM PEDRO II,0.0,0.0,0.0,0.5
BELEM 05,Belém,Urbana,False,15039722,True,ESCOLA ESTADUAL DOMINGOS ACATAUASSU NUNES,0.0,0.0,0.5,0.5
BELEM 04,Belém,Urbana,False,15039730,True,ESCOLA ESTADUAL MAROJA NETO,0.5,0.5,0.5,0.5
BELEM 03,Belém,Urbana,False,15039749,True,ESCOLA ESTADUAL PROF JOAO RENATO FRANCO,0.5,0.5,0.0,0.5
BELEM 02,Belém,Urbana,False,15039757,True,ESCOLA ESTADUAL PROFA PLACIDIA CARDOSO,0.0,0.0,0.0,0.5
BELEM 03,Belém,Urbana,False,15039765,True,ESCOLA ESTADUAL MONSENHOR AZEVEDO,0.0,0.0,0.0,0.5
BELEM 05,Belém,Urbana,False,15039773,True,ESCOLA ESTADUAL SANTOS DUMONT,0.0,0.0,0.0,0.5
BELEM 03,Belém,Urbana,False,15039790,True,ESCOLA ESTADUAL STELIO MAROJA,0.0,0.0,0.0,0.5
BELEM 09,Belém,Urbana,False,15039803,True,ESCOLA ESTADUAL PROF SANTANA MARQUES,0.0,0.5,0.5,0.5
BELEM 03,Belém,Urbana,False,15039811,True,ESCOLA ESTADUAL PROFA ANTONIA PAES DA SILVA,0.0,0.0,0.0,0.5
BELEM 06,Belém,Urbana,False,15039870,True,ESCOLA ESTADUAL CABANAGEM,0.0,0.0,0.0,0.5
BELEM 06,Belém,Urbana,False,15039900,True,ESCOLA ESTADUAL DR CARLOS GUIMARAES,0.0,0.0,0.0,0.5
BELEM 04,Belém,Urbana,False,15039919,True,ESCOLA ESTADUAL DR FREITAS,0.0,0.5,0.5,0.5
BELEM 03,Belém,Urbana,False,15039927,True,ESCOLA ESTADUAL DR MARIO CHERMONT,0.0,0.0,0.0,0.5
BELEM 06,Belém,Urbana,False,15039935,True,ESCOLA ESTADUAL DUQUE DE CAXIAS,0.0,0.0,0.0,0.5
BELEM 03,Belém,Urbana,False,15039951,True,ESCOLA ESTADUAL FREI DANIEL,0.0,0.5,0.5,0.5
BELEM 02,Belém,Urbana,False,15039960,True,ESCOLA ESTADUAL GENERAL GURJAO,0.0,0.0,0.0,0.5
BELEM 03,Belém,Urbana,False,15039986,True,ESCOLA ESTADUAL GONCALO DUARTE,0.0,0.0,0.0,0.5
BELEM 06,Belém,Urbana,False,15040003,True,ESCOLA ESTADUAL JARBAS PASSARINHO - SOUZA,0.0,0.0,0.0,0.5
BELEM 07,Belém,Urbana,False,15040011,True,ESCOLA ESTADUAL JARBAS PASSARINHO,0.0,0.5,0.5,0.5
BELEM 05,Belém,Urbana,False,15040046,True,ESCOLA ESTADUAL JOSE BONIFACIO,0.0,0.0,0.0,0.5
BELEM 02,Belém,Urbana,False,15040054,True,ESCOLA ESTADUAL JOSE VERISSIMO,0.0,0.0,0.0,0.5
BELEM 05,Belém,Urbana,False,15040070,True,ESCOLA ESTADUAL MATEUS DO CARMO,0.5,0.5,0.0,0.5
BELEM 05,Belém,Urbana,False,15040089,True,ESCOLA ESTADUAL PAULO MARANHAO,0.0,0.0,0.0,0.5
BELEM 04,Belém,Urbana,False,15040097,True,ESCOLA ESTADUAL PINTO MARQUES,0.0,0.0,0.0,0.5
BELEM 02,Belém,Urbana,False,15040143,True,ESCOLA ESTADUAL S PROF CAMILO SALGADO,0.0,0.5,0.5,0.5
BELEM 03,Belém,Urbana,False,15040151,True,ESCOLA ESTADUAL PROFA NORMA MORHY,0.0,0.0,0.0,0.5
BELEM 06,Belém,Urbana,False,15040178,True,ESCOLA ESTADUAL PROFA LEONOR NOGUEIRA,0.0,0.0,0.0,0.5
BELEM 02,Belém,Urbana,False,15040186,True,ESCOLA ESTADUAL RUI BARBOSA,0.0,0.0,0.0,0.5
BELEM 07,Belém,Urbana,False,15040208,True,ESCOLA ESTADUAL RUTH PASSARINHO,0.0,0.5,0.5,0.5
BELEM 01,Belém,Urbana,False,15040224,True,ESCOLA ESTADUAL SANTA LUZIA,0.0,0.0,0.0,0.5
BELEM 03,Belém,Urbana,False,15040291,True,ESCOLA ESTADUAL PROF RUTH ROSITA DE NAZARE GONZALE,,0.0,0.0,0.5
BELEM 05,Belém,Urbana,False,15040305,True,ESCOLA ESTADUAL BRIGADEIRO FONTENELLE,0.0,0.0,0.5,0.5
BELEM 01,Belém,Urbana,False,15040313,True,ESCOLA ESTADUAL GRAZIELA MOURA RIBEIRO,0.0,0.0,0.0,0.5
BELEM 03,Belém,Urbana,False,15040321,True,ESCOLA ESTADUAL DR ANIBAL DUARTE,0.0,0.0,0.0,0.5
BELEM 07,Belém,Urbana,False,15040348,True,ESCOLA ESTADUAL AUGUSTO MEIRA,0.0,0.0,0.0,0.5
BELEM 03,Belém,Urbana,False,15040356,True,ESCOLA ESTADUAL EDGAR PINHEIRO PORTO,0.0,0.0,0.0,0.5
BELEM 02,Belém,Urbana,False,15040364,True,COLEGIO ESTADUAL PAES DE CARVALHO,0.0,0.0,0.0,0.5
BELEM 04,Belém,Urbana,False,15040380,True,ESCOLA ESTADUAL DR ULYSSES GUIMARAES,0.0,0.0,0.0,0.5
BELEM 04,Belém,Urbana,False,15040402,True,ESCOLA ESTADUAL JOSE ALVES MAIA,0.0,0.0,0.5,0.5
BELEM 07,Belém,Urbana,False,15040429,True,ESCOLA ESTADUAL MAL CORDEIRO DE FARIAS,0.0,0.0,0.0,0.5
BELEM 07,Belém,Urbana,False,15040437,True,ESCOLA ESTADUAL MANOEL DE JESUS MORAES,0.0,0.0,0.0,0.5
BELEM 01,Belém,Urbana,False,15040445,True,ESCOLA ESTADUAL MARIO CARNEIRO DE MIRANDA,0.0,0.0,0.0,0.5
BELEM 06,Belém,Urbana,False,15040461,True,ESCOLA ESTADUAL PRESIDENTE COSTA E SILVA,0.0,0.0,0.0,0.5
BELEM 01,Belém,Urbana,False,15040470,True,ESCOLA ESTADUAL PROF ACY DE JESUS BARROS PEREIRA,0.0,0.0,0.5,0.5
BELEM 03,Belém,Urbana,False,15040488,True,ESCOLA ESTADUAL PROFA CELINA ANGLADA,0.0,0.0,0.0,0.5
BELEM 07,Belém,Urbana,False,15040496,True,ESCOLA ESTADUAL PROFA DONATILA SANTANA LOPES,0.0,0.0,0.0,0.5
BELEM 01,Belém,Urbana,False,15040500,True,ESCOLA ESTADUAL PROFA ESTHER BANDEIRA GOMES,0.0,0.0,0.0,0.5
BELEM 01,Belém,Urbana,False,15040518,True,ESCOLA ESTADUAL PROFA ROSALINA ALVARES SILVA CRUZ,0.0,0.5,0.0,0.5
BELEM 06,Belém,Urbana,False,15040526,True,ESCOLA ESTADUAL PROF TEMISTOCLES DE ARAUJO,0.0,0.0,0.5,0.5
BELEM 04,Belém,Urbana,False,15040534,True,ESCOLA ESTADUAL RODRIGUES PINAGE,0.0,0.0,0.0,0.5
BELEM 10,Belém,Urbana,False,15040569,True,ESCOLA ESTADUAL TEODORA BENTES,0.0,0.5,0.0,0.5
BELEM 07,Belém,Urbana,False,15041247,True,ESCOLA ESTADUAL NOSSA SENHORA DA CONCEICAO APARE,,0.0,0.0,0.5
BELEM 05,Belém,Urbana,False,15041301,True,ESCOLA ESTADUAL FONTE VIVA,0.0,0.0,0.0,0.5
BELEM 03,Belém,Urbana,False,15041310,True,ESCOLA ESTADUAL HUMBERTO DE CAMPOS,0.0,0.0,0.0,0.5
BELEM 03,Belém,Urbana,False,15041328,True,ESCOLA ESTADUAL LAR DE MARIA,0.0,0.0,0.0,0.5
BELEM 03,Belém,Urbana,False,15041344,True,ESCOLA ESTADUAL NOSSA SENHORA DAS GRACAS GUAMA,0.0,0.0,0.0,0.5
BELEM 02,Belém,Urbana,False,15041352,True,ESCOLA ESTADUAL PAULA FRASSINETTI,0.0,0.0,0.0,0.5
BELEM 07,Belém,Urbana,False,15041360,True,ESCOLA ESTADUAL PREVENTORIO SANTA TEREZINHA,0.0,0.0,0.0,0.5
BELEM 05,Belém,Urbana,False,15041379,True,ESCOLA ESTADUAL ROSA GATTORNO,0.0,0.0,0.0,0.5
BELEM 07,Belém,Urbana,False,15041387,True,ESCOLA ESTADUAL SALESIANA DO TRABALHO,0.0,0.0,0.0,0.5
BELEM 02,Belém,Urbana,False,15041395,True,ESCOLA ESTADUAL SAO PIO X,0.0,0.0,0.0,0.5
BELEM 01,Belém,Urbana,False,15041409,True,ESCOLA ESTADUAL SANTO AFONSO,0.0,0.5,0.5,0.5
BELEM 07,Belém,Urbana,False,15041417,True,ESCOLA ESTADUAL SANTO AGOSTINHO,0.0,0.0,0.0,0.5
BELEM 02,Belém,Urbana,False,15041425,True,ESCOLA ESTADUAL TIRADENTES I,0.0,0.0,0.0,0.5
BELEM 01,Belém,Urbana,False,15041760,True,ESCOLA ESTADUAL SAO VICENTE DE PAULA,0.0,0.0,0.0,0.5
BELEM 02,Belém,Urbana,False,15041794,True,INSTITUTO DE EDUCACAO DO ESTADO DO PARA,0.0,0.0,0.0,0.5
BELEM 07,Belém,Urbana,False,15042022,False,UNIDADE TECNICA DE EDUCACAO ESPECIAL PROF YOLANDA,,,0.0,0.5
BELEM 07,Belém,Urbana,False,15042073,False,CENTRO DE ATENDIMENTO EDUCACIONAL ESPECIALIZADO P,,,0.0,0.5
BELEM 08,Belém,Urbana,False,15042286,True,ESCOLA ESTADUAL SAO JERONIMO,0.0,0.0,0.0,0.5
BELEM 10,Belém,Urbana,False,15042294,True,ESCOLA ESTADUAL PROFA GUAJARINA DE SOUZA DA SILVA,0.0,0.0,0.0,0.5
BELEM 09,Belém,Urbana,False,15042324,True,ESCOLA ESTADUAL PROF PALMIRA GABRIEL,0.0,0.5,0.5,0.5
BELEM 09,Belém,Urbana,False,15042472,True,ESCOLA ESTADUAL SANTA RITA DE CASSIA,0.0,0.0,0.0,0.5
ANANINDEUA 03,Belém,Urbana,False,15042480,True,ESCOLA ESTADUAL ALMIRANTE JOAO FARIA DE LIMA,0.0,0.5,0.5,0.5
BELEM 09,Belém,Urbana,False,15042499,True,ESCOLA ESTADUAL TENONE,0.0,0.0,0.0,0.5
BELEM 10,Belém,Urbana,False,15042510,True,ESCOLA ESTADUAL NOSSA SENHORA DA CONCEICAO,0.0,0.0,0.0,0.5
BELEM 08,Belém,Urbana,False,15042529,True,ESCOLA ESTADUAL PADRE FRANCISCO BERTON,0.0,0.0,0.0,0.5
BELEM 08,Belém,Urbana,False,15042537,True,ESCOLA ESTADUAL MARILDA NUNES,0.0,0.5,0.5,0.5
BELEM 08,Belém,Urbana,False,15042570,True,ESCOLA ESTADUAL CIDADE DE EMAUS,0.0,0.0,0.0,0.5
BELEM 08,Belém,Urbana,False,15042600,True,ESCOLA ESTADUAL SAO FRANCISCO DE ASSIS,0.0,0.0,0.0,0.5
BELEM 10,Belém,Urbana,False,15042618,True,ESCOLA ESTADUAL RODOLFO TOURINHO,0.0,0.0,0.0,0.5
BELEM 08,Belém,Urbana,False,15042626,True,ESCOLA ESTADUAL NOSSA SENHORA DO CARMO,0.5,0.5,0.5,0.5
BELEM 10,Belém,Urbana,False,15042634,True,ESCOLA ESTADUAL GENY GABRIEL AMARAL,0.0,0.0,0.0,0.5
BELEM 10,Belém,Urbana,False,15042650,True,ESCOLA ESTADUAL MARIA ANTONIETA SERRA FREIRE,0.0,0.0,0.0,0.5
BELEM 09,Belém,Urbana,False,15042669,True,ESCOLA ESTADUAL VEREADOR MANOEL MATOS COSTA,0.0,0.0,0.0,0.5
BELEM 10,Belém,Urbana,False,15042677,True,ESCOLA ESTADUAL BRASILIA,0.0,0.5,0.5,0.5
BELEM 08,Belém,Urbana,False,15042693,True,ESCOLA ESTADUAL AMERICO SOUZA DE OLIVEIRA,0.5,0.5,0.0,0.5
BELEM 10,Belém,Urbana,False,15042766,True,ESCOLA ESTADUAL COLONIA DO FIDELIS,0.0,0.0,0.0,0.5
BELEM 10,Belém,Urbana,False,15042782,True,ESCOLA ESTADUAL DO OUTEIRO,0.0,0.0,0.5,0.5
BELEM 09,Belém,Urbana,False,15042790,True,ESCOLA ESTADUAL PROFA ODETE MARVAO,0.0,0.0,0.0,0.5
BELEM 08,Belém,Urbana,False,15042804,True,ESCOLA ESTADUAL SUBOFICIAL EDVALDO BRANDAO DE JESU,,0.0,0.5,0.5
BELEM 10,Belém,Urbana,False,15042812,True,ESCOLA ESTADUAL YOLANDA LEDUC PERALTA,0.0,0.0,0.0,0.5
BELEM 10,Belém,Urbana,False,15042820,True,ESCOLA ESTADUAL CEL SARMENTO,0.0,0.0,0.0,0.5
BELEM 09,Belém,Urbana,False,15042839,True,ESCOLA ESTADUAL XV DE NOVEMBRO,0.0,0.0,0.0,0.5
ANANINDEUA 03,Belém,Urbana,False,15042855,True,ESCOLA ESTADUAL DONA HELENA GUILHON,0.0,0.0,0.0,0.5
BELEM 10,Belém,Urbana,False,15042863,True,ESCOLA ESTADUAL IZABEL DOS SANTOS DIAS,0.0,0.5,0.5,0.5
BELEM 10,Belém,Urbana,False,15042880,True,ESCOLA ESTADUAL PROF PORANGA JUCA,0.0,0.5,0.5,0.5
ANANINDEUA 03,Belém,Urbana,False,15042898,True,ESCOLA ESTADUAL PROFA DILMA DE SOUZA CATTETE,0.0,0.0,0.0,0.5
BELEM 10,Belém,Urbana,False,15042928,True,ESCOLA ESTADUAL AVERTANO ROCHA,0.0,0.0,0.5,0.5
BELEM 01,Belém,Urbana,False,15042936,True,ESCOLA ESTADUAL DR PAULO FONTELLES DE LIMA,0.0,0.0,0.5,0.5
BELEM 08,Belém,Urbana,False,15042944,True,ESCOLA ESTADUAL PROFA MARIA LUIZA DA COSTA REGO,0.0,0.0,0.0,0.5
BELEM 10,Belém,Urbana,False,15042952,False,ESCOLA ESTADUAL PROFA MARTA DA CONCEICAO,0.0,0.5,0.5,0.5
ANANINDEUA 05,Belém,Urbana,False,15043045,True,ESCOLA ESTADUAL EUCLIDES DA CUNHA,0.0,0.0,0.0,0.5
BELEM 06,Belém,Urbana,False,15043096,True,ESCOLA ESTADUAL PROF MARIDALVA PANTOJA,0.0,0.0,0.0,0.5
BELEM 10,Belém,Urbana,False,15043142,True,ESCOLA ESTADUAL SAO JOAO BATISTA,0.0,0.0,0.0,0.5
BELEM 08,Belém,Urbana,False,15043150,True,ESCOLA ESTADUAL CRISTA DO BENGUI,0.0,0.0,0.0,0.5
BELEM 10,Belém,Urbana,False,15043185,True,ESCOLA ESTADUAL NOSSA SENHORA DE FATIMA II,0.0,0.0,0.0,0.5
BELEM 09,Belém,Urbana,False,15043193,True,ESCOLA ESTADUAL PADRE JOSE GRISMONT,0.0,0.0,0.0,0.5
BELEM 08,Belém,Urbana,False,15043207,True,ESCOLA ESTADUAL SANTA BARBARA,0.0,0.0,0.0,0.5
SANTA BARBARA,Belém,Urbana,False,15043304,True,ESCOLA ESTADUAL HONORATO FILGUEIRAS,0.0,0.0,0.5,0.5
SANTA BARBARA,Belém,Urbana,False,15043312,True,ESCOLA ESTADUAL INGLES DE SOUZA,0.0,0.0,0.0,0.5
SANTA BARBARA,Belém,Urbana,False,15043320,True,ESCOLA ESTADUAL PROF ABELARDO LEAO CONDURU,0.0,0.0,0.5,0.5
SANTA BARBARA,Belém,Rural,False,15043339,False,ESCOLA ESTADUAL PROF LUIZA DE BARROS PIRES,0.0,0.0,0.0,0.5
BELEM 01,Belém,Urbana,False,15043517,True,ESCOLA ESTADUAL PROF RENATO PINHEIRO CONDURU,0.0,0.0,0.5,0.5
BELEM 01,Belém,Urbana,False,15043525,True,ESCOLA ESTADUAL EUNICE WEAVER,0.0,0.5,0.5,0.5
BELEM 01,Belém,Urbana,False,15043533,True,ESCOLA ESTADUAL JONATHAS PONTES ATHIAS,0.0,0.0,0.0,0.5
BELEM 01,Belém,Urbana,False,15043541,True,ESCOLA ESTADUAL NOSSA SENHORA DE FATIMA I,0.0,0.0,0.0,0.5
BELEM 01,Belém,Urbana,False,15043550,True,ESCOLA ESTADUAL ALMIRANTE GUILLOBEL,0.0,0.0,0.0,0.5
BELEM 01,Belém,Urbana,False,15043568,True,ESCOLA ESTADUAL DOM PEDRO I,0.0,0.0,0.5,0.5
BELEM 01,Belém,Urbana,False,15043576,True,ESCOLA ESTADUAL PRESIDENTE CASTELO BRANCO,0.0,0.0,0.0,0.5
BELEM 08,Belém,Urbana,False,15137023,True,ESCOLA ESTADUAL BENEDITO MONTEIRO,0.0,0.0,0.0,0.5
BELEM 09,Belém,Urbana,False,15139581,True,ESCOLA ESTADUAL PROF LENIRA TEIXEIRA MOURA,0.0,0.0,0.0,0.5
BELEM 08,Belém,Urbana,False,15140628,True,ESCOLA ESTADUAL WALDOMIRO RODRIGUES OLIVEIRA,0.0,0.0,0.0,0.5
BELEM 09,Belém,Urbana,False,15140657,True,ESCOLA ESTADUAL SAO PEDRO,0.0,0.0,0.0,0.5
BELEM 09,Belém,Urbana,False,15140664,True,ESCOLA ESTADUAL PANORAMA XXI,0.0,0.0,0.0,0.5
BELEM 02,Belém,Urbana,False,15140682,True,ESCOLA ESTADUAL BENEDITO CHAVES MENDES SEARA,0.0,0.0,0.0,0.5
BELEM 05,Belém,Urbana,False,15140711,True,ESCOLA ESTADUAL MARIO BARBOSA,0.0,0.0,0.0,0.5
BELEM 10,Belém,Urbana,False,15148947,True,ESCOLA ESTADUAL FELIZ LUZITANIA,0.0,0.0,0.0,0.5
BELEM 09,Belém,Urbana,False,15148955,True,ESCOLA ESTADUAL FE EM DEUS,0.0,0.5,0.5,0.5
BELEM 05,Belém,Urbana,False,15149218,True,ESCOLA ESTADUAL BIRA BARBOSA,0.0,0.0,0.0,0.5
BELEM 09,Belém,Urbana,False,15152448,True,ESCOLA ESTADUAL RAINHA DOS CORACOES,0.0,0.0,0.0,0.5
SANTA BARBARA,Belém,Urbana,False,15155390,True,ESCOLA ESTADUAL PROF BRUNO DE MENEZES,0.0,0.0,0.0,0.5
BELEM 08,Belém,Urbana,False,15156478,True,ESCOLA ESTADUAL LINDANOR CELINA COELHO CASSHA,0.0,0.0,0.0,0.5
BELEM 01,Belém,Urbana,False,15161536,True,ESCOLA ESTADUAL NOSSA SENHORA DAS GRACAS,0.0,0.0,0.0,0.5
BELEM 09,Belém,Urbana,False,15165930,True,ESCOLA ESTADUAL MANOEL LEITE CARNEIRO,0.0,0.0,0.5,0.5
SANTA BARBARA,Belém,Urbana,False,15167313,True,ESCOLA ESTADUAL PADRE EDUARDO,0.0,0.0,0.5,0.5
BELEM 05,Belém,Urbana,False,15171671,True,ESCOLA ESTADUAL NUREMBERG BORJA DE BRITO FILHO,0.0,0.0,0.0,0.5
BELEM 10,Belém,Urbana,False,15180662,True,ESCOLA ESTADUAL DE ENSINO INTEGRAL BILINGUE MESTRA,,,,0.5
BELEM 02,Belém,Rural,False,15181545,False,ANEXO EE RUI BARBOSA - ILHA DAS ONCAS,0.0,0.0,0.0,0.5
BELEM 09,Belém,Urbana,False,15212203,True,ESCOLA ESTADUAL RAYMUNDO MARTINS VIANNA,0.0,0.0,0.5,0.5
BELEM 03,Belém,Urbana,False,15516539,True,ESCOLA ESTADUAL MONTE SERRAT,0.0,0.0,0.0,0.5
BELEM 01,Belém,Urbana,False,15517683,True,ESCOLA ESTADUAL ESTRADA NOVA,0.0,0.5,0.0,0.5
BELEM 08,Belém,Urbana,False,15517691,True,ESCOLA ESTADUAL PROFA CLAUDINE GABRIELE LIMA E SILVA,0.0,0.0,0.0,0.5
BELEM 08,Belém,Urbana,False,15517900,True,ESCOLA ESTADUAL WALDEMAR HENRIQUE,0.0,0.0,0.5,0.5
ANANINDEUA 03,Belém,Urbana,False,15521125,True,ESCOLA ESTADUAL ALEXANDRE NICOMEDES DA CUNHA,0.0,0.0,0.0,0.5
BELEM 08,Belém,Urbana,False,15522938,True,ESCOLA ESTADUAL JARDIM RESIDENCIAL JADERLAR,0.0,0.0,0.0,0.5
BELEM 02,Belém,Urbana,False,15523845,True,ESCOLA ESTADUAL DAVID SALOMAO MUFARREJ,0.0,0.5,0.5,0.5
ANANINDEUA 03,Belém,Urbana,False,15535304,True,ESCOLA ESTADUAL GENERAL HENRIQUE GURJAO,0.0,0.0,0.0,0.5
BELEM 09,Belém,Urbana,False,15535347,True,ESCOLA ESTADUAL PROFA RUTH DOS SANTOS ALMEIDA,0.0,0.0,0.5,0.5
BELEM 09,Belém,Urbana,False,15537617,True,ESCOLA ESTADUAL MARIA ESTELITA BARBOSA DA SILVA,0.0,0.0,0.0,0.5
BELEM 01,Belém,Urbana,False,15552586,True,ESCOLA ESTADUAL PROF ANTONIO GOMES MOREIRA JUNIOR,0.0,0.0,0.0,0.5
BELEM 01,Belém,Urbana,False,15552594,True,ESCOLA ESTADUAL RUY PARANATINGA BARATA,0.0,0.5,0.5,0.5
BELEM 07,Belém,Urbana,False,15562220,True,ESCOLA ESTADUAL PROFA ALBANIZIA DE OLIVEIRA LIMA,0.0,0.0,0.0,0.5
ANANINDEUA 03,Belém,Urbana,False,15564371,True,ESCOLA ESTADUAL PROF NAGIB COELHO MATNI,0.0,0.0,0.5,0.5
BELEM 10,Belém,Urbana,False,15567788,True,ESCOLA ESTADUAL PROF JORGE LOPES RAPOSO,0.0,0.0,0.5,0.5
BELEM 09,Belém,Urbana,False,15572102,True,ESCOLA ESTADUAL PARACURI II,0.0,0.0,0.0,0.5
BELEM 01,Belém,Urbana,False,15573206,True,ESCOLA ESTADUAL SANTA LUZIA DE MARILAC,0.5,0.5,0.0,0.5
SANTA BARBARA,Belém,Urbana,False,15573605,True,ESCOLA ESTADUAL CARANANDUBA,0.0,0.0,0.0,0.5
BELEM 05,Belém,Urbana,False,15573613,True,ESCOLA ESTADUAL XV DE OUTUBRO - GUAMA,0.0,0.0,0.0,0.5
BELEM 10,Belém,Urbana,False,15573702,True,ESCOLA ESTADUAL FRANKLIN DE MENEZES,0.0,0.0,0.0,0.5
BELEM 10,Belém,Urbana,False,15573710,True,ESCOLA ESTADUAL CRUZEIRO DO SUL,0.0,0.0,0.0,0.5
BELEM 08,Belém,Urbana,False,15574156,True,ESCOLA ESTADUAL NOSSA SENHORA DE GUADALUPE,0.0,0.0,0.0,0.5
BELEM 04,Belém,Urbana,False,15577791,True,ESCOLA ESTADUAL MAGALHAES BARATA,0.0,0.0,0.0,0.5
BELEM 01,Belém,Urbana,False,15580768,True,ESCOLA ESTADUAL PRATINHA II,0.0,0.0,0.0,0.5
BELEM 08,Belém,Urbana,False,15581918,True,ESCOLA ESTADUAL DR MARIA ESTER MOUTA DE OLIVEIRA,0.0,0.0,0.0,0.5
BELEM 08,Belém,Urbana,False,15586227,True,ESCOLA ESTADUAL DR JOSE MARCIO AYRES,0.0,0.5,0.5,0.5
BELEM 08,Belém,Urbana,False,15586979,True,ESCOLA ESTADUAL CANARINHO,0.0,0.0,0.0,0.5
SANTAREM,Belterra,Urbana,False,15015785,True,ESCOLA ESTADUAL WALDEMAR MAUES,0.0,0.0,0.5,0.5
SANTAREM,Belterra,Rural,False,15177378,True,ESCOLA ESTADUAL RURAL DE BELTERRA,0.0,0.0,0.0,0.5
BENEVIDES,Benevides,Urbana,False,15043657,True,ESCOLA ESTADUAL CENECISTA FRANCOIS PAUL BEGOT,0.0,0.5,0.5,0.5
BENEVIDES,Benevides,Urbana,False,15043720,True,ESCOLA ESTADUAL PROF ANA TELES,0.0,0.0,0.5,0.5
BENEVIDES,Benevides,Urbana,False,15043738,True,ESCOLA ESTADUAL PROF DEUSARINA NASCIMENTO SOUZA,0.0,0.0,0.0,0.5
BENEVIDES,Benevides,Rural,False,15043746,True,ESCOLA ESTADUAL DA TERCEIRA TRAVESSA,0.0,0.5,0.5,0.5
BENEVIDES,Benevides,Urbana,False,15043762,True,ESCOLA ESTADUAL DE CANUTAMA,0.0,0.0,0.0,0.5
BENEVIDES,Benevides,Urbana,False,15043789,True,ESCOLA ESTADUAL DR OTAVIO MEIRA,0.0,0.0,0.5,0.5
BENEVIDES,Benevides,Urbana,False,15043983,True,ESCOLA ESTADUAL JOAO BATISTA DE MOURA CARVALHO,0.0,0.0,0.0,0.5
BENEVIDES,Benevides,Urbana,False,15043991,True,ESCOLA ESTADUAL LEAO IRINEU HAUSSLER DELGADO,0.0,0.0,0.0,0.5
BENEVIDES,Benevides,Urbana,False,15044009,True,ESCOLA ESTADUAL DE MURININ,0.0,0.0,0.0,0.5
BENEVIDES,Benevides,Urbana,False,15170101,True,ANEXO EE LEAO IRINEU HAUSSLER DELGADO - SANTA MARIA,0.0,0.0,0.0,0.5
BENEVIDES,Benevides,Urbana,False,15523322,True,ESCOLA ESTADUAL PADRE JOSIMO TAVARES,0.0,0.0,0.0,0.5
BENEVIDES,Benevides,Urbana,False,15586316,True,ESCOLA ESTADUAL PROF RUTH GUIMARAES FERREIRA,0.0,0.5,0.5,0.5
MARABA,Bom Jesus do Tocant,iUnrsbana,False,15116395,True,ESCOLA ESTADUAL PROFA MARIA SYLVIA DOS SANTOS,0.0,0.0,0.5,0.5
MARABA,Bom Jesus do Tocantins,Rural,True,15155862,False,ESCOLA ESTADUAL INDIGENA PEPTYKRE PARKATEJE,0.0,0.0,0.0,0.5
MARABA,Bom Jesus do Tocantins,Rural,True,15162990,False,ESCOLA ESTADUAL INDIGENA KATEKAPONOTI,0.0,0.5,0.0,0.5
MARABA,Bom Jesus do Tocantins,Rural,True,15170411,False,ESCOLA ESTADUAL INDIGENA ME AKRE KOYAKATI,0.0,0.5,0.0,0.5
MARABA,Bom Jesus do Tocantins,Rural,True,15170462,False,ESCOLA ESTADUAL INDIGENA RONORE KAPERE TEMEJAKREKATE AKRATIKATEJE,0.0,0.5,0.0,0.5
MARABA,Bom Jesus do Tocantins,Rural,True,15171892,False,ESCOLA ESTADUAL INDIGENA IMPOHYTUWA,0.0,0.5,0.0,0.0
MARABA,Bom Jesus do Tocantins,Rural,True,15171957,False,ESCOLA ESTADUAL INDIGENA KUXWARE KRIAMRENTIJE,0.0,0.5,0.0,0.5
MARABA,Bom Jesus do Tocantins,Rural,True,15171965,False,ESCOLA ESTADUAL INDIGENA TOKURYKTI,0.0,0.5,0.5,0.5
MARABA,Bom Jesus do Tocantins,Rural,True,15172708,False,ESCOLA ESTADUAL INDIGENA JUKAPI KRIJOHERE,0.0,0.5,0.0,0.5
MARABA,Bom Jesus do Tocantins,Rural,True,15173186,False,ESCOLA ESTADUAL INDIGENA KOJIPOKTI,0.0,0.5,0.0,0.0
MARABA,Bom Jesus do Tocantins,Rural,True,15179249,False,ESCOLA ESTADUAL INDIGENA KWYNTYNKRE KYIKATEJE,0.0,0.5,0.0,0.5
MARABA,Bom Jesus do Tocantins,Rural,True,15179796,False,ESCOLA ESTADUAL INDIGENA KRUAPUTITIRE,0.0,0.5,0.5,0.0
MARABA,Bom Jesus do Tocantins,Rural,True,15179800,False,ESCOLA ESTADUAL INDIGENA KWYNKAPREKRE KUWEKATITI,0.0,0.5,0.0,0.0
MARABA,Bom Jesus do Tocantins,Rural,True,15181464,False,ESCOLA ESTADUAL INDIGENA PAHIXATI,0.5,0.0,0.0,0.0
MARABA,Bom Jesus do Tocantins,Rural,True,15181472,False,ESCOLA ESTADUAL INDIGENA ROKOKATEJE,0.0,0.5,0.0,0.0
MARABA,Bom Jesus do Tocantins,Rural,True,15181480,False,ESCOLA ESTADUAL INDIGENA JATHIATI PARKATEJE,0.0,0.5,0.0,0.5
MARABA,Bom Jesus do Tocantins,Rural,True,15181499,False,ESCOLA ESTADUAL INDIGENA AKRATI ME HAKRE,0.0,0.5,0.0,0.5
MARABA,Bom Jesus do Tocantins,Rural,True,15181502,False,ANEXO JARKOJAHERE,0.0,0.5,0.0,0.0
MARABA,Bom Jesus do Tocantins,Rural,True,15574261,False,ESCOLA ESTADUAL INDIGENA TATAKT KYIKATEJE,0.0,0.5,0.0,0.5
CAPANEMA,Bonito,Urbana,False,15056007,True,ESCOLA ESTADUAL CHARLES ASSAD,0.0,0.5,0.5,0.5
CAPANEMA,Bonito,Rural,False,15056155,True,ESCOLA ESTADUAL SANTO ANTONIO DO CUMARU,0.0,0.0,0.0,0.5
CAPANEMA,Bonito,Urbana,False,15157636,True,ESCOLA ESTADUAL MARIA DE NAZARE ASSAD ELIAS,0.0,0.0,0.0,0.5
BRAGANCA,Bragança,Urbana,False,15056643,True,ESCOLA ESTADUAL CENTRO EDUCACIONAL CORACAO DE JE,,0.0,0.0,0.5
BRAGANCA,Bragança,Urbana,False,15056651,True,ESCOLA ESTADUAL JOAO PAULO II,0.0,0.0,0.0,0.5
BRAGANCA,Bragança,Urbana,False,15056767,True,ESCOLA ESTADUAL AUGUSTO CORREA,0.0,0.5,0.5,0.5
BRAGANCA,Bragança,Urbana,False,15056775,True,ESCOLA ESTADUAL DR FRANCISCO DE PAULA PINHEIRO,0.0,0.0,0.0,0.5
BRAGANCA,Bragança,Urbana,False,15056783,True,ESCOLA ESTADUAL LUIZ PAULINO MARTIRES,0.0,0.0,0.0,0.5
BRAGANCA,Bragança,Urbana,False,15056791,True,ESCOLA ESTADUAL MANOEL JULIAO GARCIA CASTANHO,0.0,0.0,0.0,0.5
BRAGANCA,Bragança,Urbana,False,15056813,True,ESCOLA ESTADUAL PROF BOLIVAR BORDALLO DA SILVA,0.0,0.0,0.0,0.5
BRAGANCA,Bragança,Urbana,False,15056929,True,ESCOLA ESTADUAL PROFA ARGENTINA PEREIRA,0.0,0.0,0.0,0.5
BRAGANCA,Bragança,Urbana,False,15057046,True,ESCOLA ESTADUAL DO ROCHA,0.0,0.0,0.0,0.5
BRAGANCA,Bragança,Urbana,False,15057119,True,ESCOLA ESTADUAL CEL ALUIZIO PINHEIRO FERREIRA,0.0,0.0,0.0,0.5
BRAGANCA,Bragança,Urbana,False,15057127,True,ESCOLA ESTADUAL MARIO QUEIROZ DO ROSARIO,0.0,0.0,0.0,0.5
BRAGANCA,Bragança,Urbana,False,15057135,True,ESCOLA ESTADUAL MONSENHOR MANCIO RIBEIRO,0.0,0.0,0.5,0.5
BRAGANCA,Bragança,Urbana,False,15057194,True,ESCOLA ESTADUAL PROF YOLANDA CHAVES,0.0,0.5,0.5,0.5
BRAGANCA,Bragança,Rural,False,15057224,True,ESCOLA ESTADUAL GERMANO GARCIA,0.0,0.5,0.0,0.5
BRAGANCA,Bragança,Urbana,False,15057259,True,ESCOLA ESTADUAL LEANDRO LOBAO DA SILVEIRA,0.0,0.5,0.5,0.5
BRAGANCA,Bragança,Rural,False,15057267,True,ESCOLA ESTADUAL PROF MARIA DE NAZARE CEZAR PINHEIR,,0.0,0.0,0.5
BRAGANCA,Bragança,Rural,False,15057291,True,ESCOLA ESTADUAL PATALINO,0.0,0.5,0.5,0.5
BRAGANCA,Bragança,Urbana,False,15057305,True,ESCOLA ESTADUAL PADRE LUIZ GONZAGA,0.0,0.0,0.5,0.5
BRAGANCA,Bragança,Urbana,False,15058751,True,ESCOLA ESTADUAL CASA DA AMIZADE,0.0,0.0,0.0,0.5
BRAGANCA,Bragança,Urbana,False,15058778,True,ESCOLA ESTADUAL EXTERNATO SANTO ANTONIO,0.0,0.5,0.5,0.5
BRAGANCA,Bragança,Rural,False,15058786,True,ESCOLA ESTADUAL DOMINGAS DA COSTA SOUSA,0.0,0.0,0.5,0.5
BRAGANCA,Bragança,Rural,False,15058832,True,ESCOLA ESTADUAL ALBINO CARDOSO,0.0,0.0,0.0,0.5
BRAGANCA,Bragança,Urbana,False,15156001,False,ESCOLA ESTADUAL SISTEMA EDUCATIVO RADIOFONICO DE B,,0.5,0.5,0.5
BRAGANCA,Bragança,Rural,False,15177890,True,ESCOLA ESTADUAL RURAL DE BRAGANCA,0.0,0.0,0.5,0.5
BRAGANCA,Bragança,Urbana,False,15527409,True,ESCOLA ESTADUAL RIO CAETE,0.0,0.0,0.5,0.5
BRAGANCA,Bragança,Urbana,False,15540332,True,ESCOLA ESTADUAL SANTA TEREZINHA,0.0,0.0,0.0,0.5
ALTAMIRA,Brasil Novo,Urbana,False,15106250,True,ESCOLA ESTADUAL BRASIL NOVO,0.0,0.0,0.5,0.5
ALTAMIRA,Brasil Novo,Rural,False,15177912,True,ESCOLA ESTADUAL RURAL DE BRASIL NOVO,0.0,0.0,0.0,0.5
MARABA,Brejo Grande do Arag,Uuarbiaana,False,15126714,True,ESCOLA ESTADUAL PROF LICIO SOLHEIRO,0.0,0.0,0.0,0.5
TUCURUI,Breu Branco,Rural,False,15177653,True,ESCOLA ESTADUAL RURAL DE BREU BRANCO,0.0,0.0,0.0,0.5
TUCURUI,Breu Branco,Rural,False,15539288,True,ANEXO EE JOSE LOURENCO - PLACAS DO PITINGA,0.0,0.0,0.0,0.5
TUCURUI,Breu Branco,Urbana,False,15558690,True,ESCOLA ESTADUAL JOSE LOURENCO,0.0,0.0,0.5,0.5
TUCURUI,Breu Branco,Urbana,False,15575519,True,ESCOLA ESTADUAL SEVERO ALVES,0.0,0.0,0.5,0.5
BREVES,Breves,Urbana,False,15024792,True,ESCOLA ESTADUAL PROFA MARIA ELIZETE FONA NUNES,0.0,0.0,0.5,0.5
BREVES,Breves,Urbana,False,15097846,True,ESCOLA ESTADUAL SANTO AGOSTINHO,0.0,0.0,0.0,0.5
BREVES,Breves,Urbana,False,15168751,True,ANEXO EE PROF GERSON PERES - CIDADE NOVA,0.0,0.0,0.0,0.5
BREVES,Breves,Rural,False,15178226,True,ESCOLA ESTADUAL RURAL DE BREVES,0.0,0.0,0.0,0.5
BREVES,Breves,Urbana,False,15555933,True,ESCOLA ESTADUAL PROFA MARIA CAMARA PAES,0.0,0.0,0.5,0.5
BREVES,Breves,Urbana,False,15583430,True,ESCOLA ESTADUAL PROF GERSON PERES,0.0,0.0,0.5,0.5
SANTA IZABEL DO PARA,Bujaru,Urbana,False,15044327,True,ESCOLA ESTADUAL DOM MARIO DE MIRANDA VILAS BOAS,0.0,0.0,0.5,0.5
SANTA IZABEL DO PARA,Bujaru,Rural,False,15160513,True,ESCOLA ESTADUAL RAIMUNDO DE CAMPOS LOPES,0.0,0.0,0.0,0.5
SANTA IZABEL DO PARA,Bujaru,Rural,False,15177491,False,ESCOLA ESTADUAL RURAL DE BUJARU,0.0,0.0,0.5,0.5
CACHOEIRA DO ARARI,Cachoeira do Arari,Urbana,False,15028488,True,ESCOLA ESTADUAL JOSE RODRIGUES VIANA,0.0,0.0,0.5,0.5
CACHOEIRA DO ARARI,Cachoeira do Arari,Rural,False,15028526,True,ESCOLA ESTADUAL RETIRO GRANDE,0.0,0.5,0.5,0.5
CACHOEIRA DO ARARI,Cachoeira do Arari,Rural,False,15028534,True,ESCOLA ESTADUAL CAMARA,0.0,0.0,0.0,0.5
CACHOEIRA DO ARARI,Cachoeira do Arari,Rural,False,15028577,True,ESCOLA ESTADUAL UMARIZAL,0.0,0.0,0.5,0.5
CACHOEIRA DO ARARI,Cachoeira do Arari,Urbana,False,15028593,True,ESCOLA ESTADUAL DELGADO LEAO,0.0,0.0,0.5,0.5
CACHOEIRA DO ARARI,Cachoeira do Arari,Rural,False,15171043,True,ESCOLA ESTADUAL MAGNO DA SILVA BAHIA,0.0,0.0,0.0,0.5
CACHOEIRA DO ARARI,Cachoeira do Arari,Rural,False,15177572,False,ESCOLA ESTADUAL RURAL DE CACHOEIRA DO ARARI,0.0,0.0,0.0,0.5
BRAGANCA,Cachoeira do Piriá,Urbana,False,15097307,True,ESCOLA ESTADUAL ADRIANO GONCALVES,0.0,0.0,0.0,0.5
BRAGANCA,Cachoeira do Piriá,Rural,False,15098141,True,ESCOLA ESTADUAL CEL NEWTON BARREIRA,0.0,0.0,0.5,0.5
BRAGANCA,Cachoeira do Piriá,Rural,False,15177920,True,ESCOLA ESTADUAL RURAL DE CACHOEIRA DO PIRIA,0.0,0.0,0.5,0.5
CAMETA,Cametá,Urbana,False,15068234,True,ESCOLA ESTADUAL DR GERSON DOS SANTOS PERES,0.0,0.0,0.5,0.5
CAMETA,Cametá,Urbana,False,15068390,True,ESCOLA ESTADUAL JULIA PASSARINHO,0.0,0.0,0.5,0.5
CAMETA,Cametá,Urbana,False,15068439,True,ESCOLA ESTADUAL OSVALDINA MUNIZ,0.0,0.0,0.5,0.5
CAMETA,Cametá,Rural,False,15070980,True,ESCOLA ESTADUAL MAGALHAES BARATA,0.0,0.0,0.5,0.0
CAMETA,Cametá,Rural,False,15170438,True,ESCOLA ESTADUAL HERIBERTO BARROSO ARAGAO,0.0,0.0,0.5,0.5
CAMETA,Cametá,Rural,False,15177670,True,ESCOLA ESTADUAL RURAL DE CAMETA,0.0,0.0,0.5,0.5
CAMETA,Cametá,Urbana,False,15213803,True,ESCOLA ESTADUAL ABRAAO SIMAO JATENE,0.0,0.0,0.0,0.5
CAMETA,Cametá,Rural,False,15218007,True,ESCOLA ESTADUAL PADRE JOAO BOONEKAMP,0.0,0.0,0.5,0.5
PARAUAPEBAS,Canaã dos Carajás,Urbana,False,15097129,True,ESCOLA ESTADUAL IRMA LAURA DE MARTINS CARVALHO,0.0,0.0,0.5,0.5
PARAUAPEBAS,Canaã dos Carajás,Urbana,False,15125424,True,ESCOLA ESTADUAL PROF NELSON DOS PRAZERES HENRIQU,,0.0,0.5,0.5
PARAUAPEBAS,Canaã dos Carajás,Rural,False,15177696,False,ESCOLA ESTADUAL RURAL DE CANAA DOS CARAJAS,0.0,0.0,0.0,0.5
CAPANEMA,Capanema,Urbana,False,15059510,True,ESCOLA ESTADUAL SAO PIO X,0.0,0.0,0.0,0.5
CAPANEMA,Capanema,Urbana,False,15059588,True,ESCOLA ESTADUAL PROFA MARIA AMELIA DE VASCONCELOS,0.0,0.5,0.0,0.5
CAPANEMA,Capanema,Urbana,False,15059626,True,ESCOLA ESTADUAL PROFA AMERICA LEAO CONDURU,0.0,0.5,0.5,0.5
CAPANEMA,Capanema,Urbana,False,15059634,True,ESCOLA ESTADUAL DOM JOAO VI,0.0,0.5,0.5,0.5
CAPANEMA,Capanema,Urbana,False,15059642,True,ESCOLA ESTADUAL JOAO SANTOS,0.0,0.5,0.5,0.5
CAPANEMA,Capanema,Urbana,False,15059650,True,ESCOLA ESTADUAL PADRE SALES,0.0,0.0,0.5,0.5
CAPANEMA,Capanema,Urbana,False,15059677,True,ESCOLA ESTADUAL PROF OLIVEIRA BRITO,0.0,0.5,0.5,0.5
CAPANEMA,Capanema,Urbana,False,15059731,True,ESCOLA ESTADUAL PROFA MARIA MIRTES SIDRIM PESSOA,0.0,0.0,0.5,0.5
CAPANEMA,Capanema,Urbana,False,15059820,True,ESCOLA ESTADUAL PROF JOSE NAZIAZENO MONTEIRO,0.0,0.0,0.0,0.5
CAPANEMA,Capanema,Urbana,False,15059871,True,ESCOLA ESTADUAL SILVESTRE CARNEIRO,0.0,0.5,0.0,0.5
CAPANEMA,Capanema,Rural,False,15060306,True,ESCOLA ESTADUAL PROF CESAR PINHEIRO,0.0,0.5,0.5,0.5
CAPANEMA,Capanema,Rural,False,15060438,True,ESCOLA ESTADUAL PROFA APOLONIA PINHEIRO DOS SANTO,,0.0,0.0,0.5
CAPANEMA,Capanema,Urbana,False,15533255,True,ESCOLA ESTADUAL MESTRE LUCINDO,0.0,0.0,0.0,0.5
CAPITAO POCO,Capitão Poço,Urbana,False,15088154,True,ESCOLA ESTADUAL BELINA CAMPOS COUTINHO,0.0,0.0,0.5,0.5
CAPITAO POCO,Capitão Poço,Rural,False,15088332,True,ESCOLA ESTADUAL DIONISIO HAGE,0.0,0.0,0.5,0.5
CAPITAO POCO,Capitão Poço,Urbana,False,15088375,True,ESCOLA ESTADUAL OSVALDO CRUZ,0.0,0.5,0.5,0.5
CAPITAO POCO,Capitão Poço,Urbana,False,15088383,True,ESCOLA ESTADUAL PE VITALIANO MARIA VARI,0.0,0.0,0.0,0.5
CAPITAO POCO,Capitão Poço,Urbana,False,15088464,True,ESCOLA ESTADUAL PROF TEREZINHA BEZERRA SIQUEIRA,0.0,0.5,0.5,0.5
CAPITAO POCO,Capitão Poço,Urbana,False,15148181,True,ESCOLA ESTADUAL ANTONIO VALDENIR ARAUJO DE LIMA,0.0,0.5,0.5,0.5
CAPITAO POCO,Capitão Poço,Rural,True,15167143,False,ESCOLA ESTADUAL INDIGENA FELIX TEMBE,0.0,0.0,0.0,0.5
CAPITAO POCO,Capitão Poço,Rural,True,15171566,False,ANEXO EE FELIX TEMBE - RUFINO ROMAO TEMBE,0.0,0.0,0.0,0.5
CAPITAO POCO,Capitão Poço,Rural,True,15176223,False,ESCOLA ESTADUAL INDIGENA FRANCISCO ROMAO TEMBE,0.0,0.0,0.5,0.5
CAPITAO POCO,Capitão Poço,Rural,False,15178064,True,ESCOLA ESTADUAL RURAL DE CAPITAO POCO,0.0,0.0,0.0,0.5
CASTANHAL,Castanhal,Rural,False,15045463,True,ESCOLA ESTADUAL JOSE HENRIQUE,0.0,0.0,0.5,0.5
CASTANHAL,Castanhal,Urbana,False,15045471,True,ESCOLA ESTADUAL PADRE SALVADOR TRACCAIOLLI,0.0,0.0,0.5,0.5
CASTANHAL,Castanhal,Urbana,False,15045480,True,ESCOLA ESTADUAL BENICIO LOPES,0.0,0.0,0.5,0.5
CASTANHAL,Castanhal,Urbana,False,15045498,True,ESCOLA ESTADUAL PROF CLOTILDE PEREIRA,0.0,0.0,0.5,0.5
CASTANHAL,Castanhal,Urbana,False,15045552,True,ESCOLA ESTADUAL 28 DE JANEIRO,0.0,0.0,0.0,0.5
CASTANHAL,Castanhal,Urbana,False,15045560,True,ESCOLA ESTADUAL CONEGO LEITAO,0.0,0.0,0.5,0.5
CASTANHAL,Castanhal,Urbana,False,15045587,True,ESCOLA ESTADUAL DR LAURENO ALVES DE MELO,0.0,0.0,0.5,0.5
CASTANHAL,Castanhal,Urbana,False,15045609,True,ESCOLA ESTADUAL NILZA NASCIMENTO,0.0,0.0,0.0,0.5
CASTANHAL,Castanhal,Urbana,False,15045650,True,ESCOLA ESTADUAL LAMEIRA BITTENCOURT,0.0,0.0,0.5,0.5
CASTANHAL,Castanhal,Urbana,False,15045668,True,ESCOLA ESTADUAL ELCIONE THEREZINHA ZAHLUTH BARBAL,,0.0,0.5,0.5
CASTANHAL,Castanhal,Urbana,False,15046567,True,ESCOLA ESTADUAL MARIA PIA DOS SANTOS AMARAL,0.0,0.5,0.5,0.5
CASTANHAL,Castanhal,Urbana,False,15150585,True,ESCOLA ESTADUAL PROFA DEUSARINA DA SILVA RODRIGUES,0.0,0.5,0.5,0.5
CASTANHAL,Castanhal,Urbana,False,15531600,True,ESCOLA ESTADUAL PROF PAULO CESAR COUTINHO RODRIG,,0.0,0.5,0.5
CASTANHAL,Castanhal,Urbana,False,15561429,True,ESCOLA ESTADUAL MARIA DAS MERCES DE OLIVEIRA CONOR,0.0,0.0,0.5,0.5
CASTANHAL,Castanhal,Urbana,False,15578968,True,ESCOLA ESTADUAL DR INACIO KOURY GABRIEL NETO,0.0,0.0,0.5,0.5
CASTANHAL,Castanhal,Urbana,False,15588378,True,ESCOLA ESTADUAL JOSE SALLES,0.0,0.0,0.5,0.5
AFUA,Chaves,Urbana,False,15029220,True,ESCOLA ESTADUAL MAGALHAES BARATA,0.0,0.0,0.5,0.5
AFUA,Chaves,Rural,False,15178234,True,ESCOLA ESTADUAL RURAL DE CHAVES,0.0,0.0,0.0,0.5
SANTA IZABEL DO PARA,Colares,Rural,False,15048462,True,ESCOLA ESTADUAL BARAO DE GUAJARA,0.0,0.0,0.0,0.5
SANTA IZABEL DO PARA,Colares,Urbana,False,15048470,True,ESCOLA ESTADUAL NORMA GUILHON,0.0,0.0,0.5,0.5
SANTA IZABEL DO PARA,Colares,Urbana,False,15048489,True,ESCOLA ESTADUAL DR JOSE MALCHER,0.0,0.0,0.0,0.5
SANTA IZABEL DO PARA,Colares,Rural,False,15048500,True,ESCOLA ESTADUAL PRINCESA LEOPOLDINA,0.0,0.0,0.0,0.5
SANTA IZABEL DO PARA,Colares,Rural,False,15048543,True,ESCOLA ESTADUAL MAGALHAES BARATA,0.0,0.0,0.0,0.5
SANTA IZABEL DO PARA,Colares,Rural,False,15048560,True,ESCOLA ESTADUAL LUCIOLA BRASIL,0.0,0.5,0.5,0.5
CONCEICAO DO ARAGUAIA,Conceição do Aragu,aUiarbana,False,15134547,True,ESCOLA ESTADUAL FREI GIL DE VILA NOVA,0.0,0.0,0.0,0.5
CONCEICAO DO ARAGUAIA,Conceição do Aragu,aUiarbana,False,15134555,True,ESCOLA ESTADUAL PROF JOSE WILSON PEREIRA LEITE,0.0,0.5,0.5,0.5
CONCEICAO DO ARAGUAIA,Conceição do Aragu,aUiarbana,False,15134571,True,ESCOLA ESTADUAL BRAULIA GURJAO,0.0,0.0,0.0,0.5
CONCEICAO DO ARAGUAIA,Conceição do Aragu,aUiarbana,False,15134580,True,ESCOLA ESTADUAL PROF ACY DE JESUS NEVES DE BARROS P,,0.0,0.5,0.5
CONCEICAO DO ARAGUAIA,Conceição do Aragu,aUiarbana,False,15140760,True,ESCOLA ESTADUAL PROF DEOCLECIANO ALVES MOREIRA,0.0,0.0,0.0,0.5
CONCEICAO DO ARAGUAIA,Conceição do Aragu,aRiaural,False,15178021,True,ESCOLA ESTADUAL RURAL DE CONCEICAO DO ARAGUAIA,0.0,0.0,0.0,0.5
SANTA IZABEL DO PARA,Concórdia do Pará,Urbana,False,15081044,True,ESCOLA ESTADUAL AMABILIO ALVES PEREIRA,0.0,0.0,0.5,0.5
SANTA IZABEL DO PARA,Concórdia do Pará,Urbana,False,15081052,True,ESCOLA ESTADUAL ALOISIO DA COSTA CHAVES,0.0,0.0,0.5,0.5
SANTA IZABEL DO PARA,Concórdia do Pará,Rural,False,15177505,True,ESCOLA ESTADUAL RURAL DE CONCORDIA DO PARA,0.0,0.0,0.5,0.5
CONCEICAO DO ARAGUAIA,Cumaru do Norte,Urbana,False,15161439,True,ESCOLA ESTADUAL JOAO PINTO PEREIRA,0.0,0.0,0.5,0.5
CONCEICAO DO ARAGUAIA,Cumaru do Norte,Rural,True,15170551,False,ANEXO EE JOAO PINTO PEREIRA - GOROTIRE,0.0,0.0,0.0,0.5
CONCEICAO DO ARAGUAIA,Cumaru do Norte,Rural,False,15178048,True,ESCOLA ESTADUAL RURAL DE CUMARU DO NORTE,0.0,0.0,0.0,0.5
PARAUAPEBAS,Curionópolis,Urbana,False,15124347,True,ESCOLA ESTADUAL DR TANCREDO DE ALMEIDA NEVES,0.0,0.0,0.0,0.5
PARAUAPEBAS,Curionópolis,Rural,False,15178331,True,ESCOLA ESTADUAL PROFA JOAQUINA DIAMANTINA FERREIRA,,0.0,0.0,0.5
PARAUAPEBAS,Curionópolis,Urbana,False,15588599,True,ESCOLA ESTADUAL GOVERNADOR ALMIR GABRIEL,0.0,0.0,0.5,0.5
CURRALINHO,Curralinho,Urbana,False,15026680,True,ESCOLA ESTADUAL PRADO LOPES,0.0,0.5,0.5,0.5
CURRALINHO,Curralinho,Urbana,False,15159299,True,ESCOLA ESTADUAL MANOEL DA VERA CRUZ SA,0.0,0.0,0.5,0.5
CURRALINHO,Curralinho,Rural,False,15178242,True,ESCOLA ESTADUAL RURAL DE CURRALINHO,0.0,0.0,0.5,0.5
OBIDOS,Curuá,Urbana,False,15566838,True,ESCOLA ESTADUAL SORAYA MARQUES CHAYB,0.0,0.0,0.5,0.5
CASTANHAL,Curuçá,Urbana,False,15048853,True,ESCOLA ESTADUAL MARIA HYLUISA PINTO FERREIRA,0.0,0.5,0.0,0.5
CASTANHAL,Curuçá,Urbana,False,15048888,True,ESCOLA ESTADUAL PROF OLINDA VERAS ALVES,0.0,0.0,0.5,0.5
CASTANHAL,Curuçá,Urbana,False,15049043,True,ESCOLA ESTADUAL GONCALO FERREIRA,0.0,0.0,0.5,0.5
CASTANHAL,Curuçá,Rural,False,15049060,False,ESCOLA ESTADUAL JUPITER MAIA,0.0,0.5,0.0,0.5
CASTANHAL,Curuçá,Rural,False,15049396,True,ESCOLA ESTADUAL ABEL OVIDIO DE CAMPOS,0.0,0.0,0.5,0.5
CASTANHAL,Curuçá,Rural,False,15099881,True,ESCOLA ESTADUAL PROFA RAIMUNDA SENA DA SILVA,0.0,0.0,0.5,0.5
CASTANHAL,Curuçá,Rural,False,15177408,True,ESCOLA ESTADUAL RURAL DE CURUCA,0.0,0.0,0.0,0.5
MAE DO RIO,Dom Eliseu,Urbana,False,15116980,True,ESCOLA ESTADUAL LUIZ GUALBERTO PIMENTEL,0.0,0.0,0.5,0.5
MAE DO RIO,Dom Eliseu,Rural,False,15160262,True,ESCOLA ESTADUAL ANTONIO JESUS DE OLIVEIRA,0.0,0.0,0.5,0.5
PARAUAPEBAS,Eldorado do Carajás,Urbana,False,15124770,True,ESCOLA ESTADUAL ELDORADO,0.0,0.0,0.5,0.5
PARAUAPEBAS,Eldorado do Carajás,Rural,False,15177726,True,ESCOLA ESTADUAL RURAL DE ELDORADO DO CARAJAS,0.0,0.0,0.0,0.5
PARAUAPEBAS,Eldorado do Carajás,Urbana,False,15584020,True,ESCOLA ESTADUAL FRANCILANDIA,0.0,0.0,0.5,0.5
OBIDOS,Faro,Rural,False,15000010,True,ESCOLA ESTADUAL SAO JOSE,0.0,0.0,0.0,0.5
OBIDOS,Faro,Urbana,False,15000028,True,ESCOLA ESTADUAL MARCOS BENTES DE CARVALHO,0.0,0.0,0.0,0.5
OBIDOS,Faro,Urbana,False,15000036,True,ESCOLA ESTADUAL FLORA TEIXEIRA,0.0,0.0,0.5,0.5
OBIDOS,Faro,Rural,False,15177319,False,ESCOLA ESTADUAL RURAL DE FARO,0.0,0.0,0.5,0.5
CONCEICAO DO ARAGUAIA,Floresta do Araguaia,Urbana,False,15134598,True,ESCOLA ESTADUAL MONSENHOR AUGUSTO DIAS DE BRITO,0.0,0.0,0.5,0.5
CONCEICAO DO ARAGUAIA,Floresta do Araguaia,Rural,False,15170624,True,ANEXO EE MONSENHOR AUGUSTO DIAS DE BRITO - VILA BEL,,0.0,0.0,0.5
CONCEICAO DO ARAGUAIA,Floresta do Araguaia,Rural,False,15178269,True,ESCOLA ESTADUAL RURAL DE FLORESTA DO ARAGUAIA,0.0,0.0,0.0,0.5
CAPITAO POCO,Garrafão do Norte,Urbana,False,15089428,True,ESCOLA ESTADUAL MARIO BRASIL,0.0,0.0,0.5,0.5
CAPITAO POCO,Garrafão do Norte,Rural,False,15089452,True,ESCOLA ESTADUAL PACIFICO LEAO DA COSTA,0.0,0.0,0.0,0.5
CAPITAO POCO,Garrafão do Norte,Rural,False,15172902,True,ANEXO EE MARIO BRASIL - VILA DO LOURO,0.0,0.0,0.5,0.5
CAPITAO POCO,Garrafão do Norte,Rural,False,15178250,True,ESCOLA ESTADUAL RURAL DE GARRAFAO DO NORTE,0.0,0.0,0.0,0.5
TUCURUI,Goianésia do Pará,Urbana,False,15117456,True,COLEGIO ESTADUAL PROF ANUNCIADA CHAVES,0.0,0.0,0.5,0.5
TUCURUI,Goianésia do Pará,Rural,False,15172457,True,ESCOLA ESTADUAL DO CAMPO PROF WILSON BAIA,0.0,0.0,0.5,0.5
TUCURUI,Goianésia do Pará,Rural,False,15177629,True,ESCOLA ESTADUAL RURAL DE GOIANESIA DO PARA,0.0,0.0,0.0,0.5
BREVES,Gurupá,Urbana,False,15019403,True,ESCOLA ESTADUAL MARCILIO DIAS,0.0,0.0,0.5,0.5
BREVES,Gurupá,Rural,False,15178277,True,ESCOLA ESTADUAL RURAL DE GURUPA,0.0,0.0,0.5,0.5
MARACANA,Igarapé-Açu,Urbana,False,15060608,True,ESCOLA ESTADUAL JOSE ELIAS EMIN,0.0,0.0,0.5,0.5
MARACANA,Igarapé-Açu,Rural,False,15060640,True,ESCOLA ESTADUAL ANTONIO ALVES RAMOS,0.0,0.0,0.0,0.5
MARACANA,Igarapé-Açu,Urbana,False,15060659,True,ESCOLA ESTADUAL CONEGO CALADO,0.0,0.5,0.5,0.5
MARACANA,Igarapé-Açu,Rural,False,15060667,True,ESCOLA ESTADUAL DO CURI,0.0,0.0,0.0,0.5
MARACANA,Igarapé-Açu,Urbana,False,15060675,True,ESCOLA ESTADUAL DR ANGELO CESARINO,0.0,0.0,0.0,0.5
MARACANA,Igarapé-Açu,Rural,False,15060683,True,ESCOLA ESTADUAL JOAO PAULO II,0.0,0.5,0.0,0.5
MARACANA,Igarapé-Açu,Urbana,False,15060705,True,ESCOLA ESTADUAL MACARIO FELIPE ANTONIO,0.0,0.0,0.0,0.5
MARACANA,Igarapé-Açu,Rural,False,15060721,True,ESCOLA ESTADUAL FREI DANIEL DE SAMARATE,0.0,0.0,0.0,0.5
MARACANA,Igarapé-Açu,Rural,False,15061159,True,ESCOLA ESTADUAL JOAO BATISTA DE MOURA CARVALHO,0.0,0.0,0.0,0.5
MARACANA,Igarapé-Açu,Urbana,False,15156303,True,ESCOLA ESTADUAL PROF MARIA IONE HENRIQUE,0.0,0.0,0.5,0.5
ABAETETUBA,Igarapé-Miri,Rural,False,15177467,True,ESCOLA ESTADUAL RURAL DE IGARAPE MIRI,0.0,0.0,0.0,0.5
ABAETETUBA,Igarapé-Miri,Rural,False,15568857,True,ESCOLA ESTADUAL PROFA DALILA AFONSO CUNHA,0.0,0.0,0.5,0.5
ABAETETUBA,Igarapé-Miri,Urbana,False,15570193,True,ESCOLA ESTADUAL ENEDINA SAMPAIO MELO,0.0,0.0,0.5,0.5
ABAETETUBA,Igarapé-Miri,Urbana,False,15572226,True,ESCOLA ESTADUAL MANOEL ANTONIO DE CASTRO,0.0,0.0,0.5,0.5
CASTANHAL,Inhangapi,Urbana,False,15046710,True,ESCOLA ESTADUAL PROF ANTONIO MARCAL,0.0,0.5,0.5,0.5
CASTANHAL,Inhangapi,Rural,False,15177386,True,ESCOLA ESTADUAL RURAL DE INHANGAPI,0.0,0.0,0.0,0.5
CASTANHAL,Inhangapi,Urbana,False,15584640,True,ESCOLA ESTADUAL AGOSTINHO MORAES DE OLIVEIRA,0.0,0.0,0.5,0.5
MAE DO RIO,Ipixuna do Pará,Urbana,False,15094588,True,ESCOLA ESTADUAL IRMA AGNES VINCQUIER,0.0,0.0,0.5,0.5
MAE DO RIO,Ipixuna do Pará,Rural,False,15168743,True,ESCOLA ESTADUAL MARIA DAS GRACAS BALBINO CORREA,0.0,0.0,0.5,0.5
MAE DO RIO,Irituia,Urbana,False,15090930,True,ESCOLA ESTADUAL MARIA DA CONCEICAO MALHEIROS,0.0,0.0,0.0,0.5
MAE DO RIO,Irituia,Rural,False,15091171,True,ESCOLA ESTADUAL NICOLAU NERES DA SILVA,0.0,0.5,0.5,0.5
MAE DO RIO,Irituia,Urbana,False,15168999,True,ESCOLA ESTADUAL DEUZELITE OLIVEIRA DA COSTA,0.0,0.0,0.0,0.5
MAE DO RIO,Irituia,Rural,False,15542297,True,ESCOLA ESTADUAL ITABOCAL,0.0,0.5,0.5,0.5
MAE DO RIO,Irituia,Urbana,False,15559211,False,ESCOLA ESTADUAL PROF FRANCISCO NUNES,0.0,0.5,0.5,0.5
MAE DO RIO,Irituia,Rural,False,15560260,True,ESCOLA ESTADUAL DE TESSALONICA,0.0,0.5,0.5,0.5
ITAITUBA,Itaituba,Urbana,False,15101029,True,ESCOLA ESTADUAL PROFA MARIA DAS GRACAS ESCOCIO CE,,0.0,0.5,0.5
ITAITUBA,Itaituba,Urbana,False,15149510,True,ESCOLA ESTADUAL PROFA MARIA DO SOCORRO JACOB,0.0,0.0,0.5,0.5
ITAITUBA,Itaituba,Urbana,False,15168956,True,ANEXO EE PROFA MARIA DO SOCORRO JACOB - PIRACANA,0.0,0.0,0.0,0.5
ITAITUBA,Itaituba,Rural,False,15169103,True,ANEXO EE BENEDITO CORREA DE SOUZA - CAMPO VERDE,0.0,0.0,0.0,0.5
ITAITUBA,Itaituba,Rural,False,15169197,True,ANEXO EE PROFA MARIA DO SOCORRO JACOB - MORAES ALM,,0.0,0.0,0.5
ITAITUBA,Itaituba,Urbana,False,15175510,True,ESCOLA ESTADUAL PROFA JUSSARA TEREZINHA,0.0,0.0,0.5,0.5
ITAITUBA,Itaituba,Rural,False,15177432,True,ESCOLA ESTADUAL RURAL DE ITAITUBA,0.0,0.0,0.0,0.5
ITAITUBA,Itaituba,Urbana,False,15525791,True,ESCOLA ESTADUAL BENEDITO CORREA DE SOUZA,0.0,0.0,0.0,0.5
ITAITUBA,Itaituba,Urbana,False,15535762,True,ESCOLA ESTADUAL CENTRO MARANATA,0.0,0.0,0.0,0.5
ITAITUBA,Itaituba,Urbana,False,15550044,True,ESCOLA ESTADUAL ISAAC NEWTON,0.0,0.0,0.0,0.5
ITAITUBA,Itaituba,Urbana,False,15581039,True,ESCOLA ESTADUAL CENTRO EDUCACIONAL ANCHIETA,0.0,0.0,0.0,0.5
MARABA,Itupiranga,Urbana,False,15111741,True,ESCOLA ESTADUAL ALBERTINA BARREIROS,0.0,0.0,0.5,0.5
MARABA,Itupiranga,Rural,False,15111822,True,ESCOLA ESTADUAL BRASIL TROPICAL,0.0,0.0,0.0,0.5
MARABA,Itupiranga,Urbana,False,15111938,True,ESCOLA ESTADUAL PROFA IZABEL MARACAIPE,0.0,0.0,0.5,0.5
MARABA,Itupiranga,Rural,False,15177742,False,ESCOLA ESTADUAL RURAL DE ITUPIRANGA,0.0,0.0,0.0,0.5
MARABA,Itupiranga,Rural,False,15579697,True,ESCOLA ESTADUAL LIBERALINA CARVALHO DE ARAGAO,0.0,0.0,0.0,0.5
ITAITUBA,Jacareacanga,Urbana,False,15102254,True,ESCOLA ESTADUAL BRIGADEIRO HAROLDO COIMBRA VELOS,,0.0,0.5,0.5
MARABA,Jacundá,Urbana,False,15105121,True,ESCOLA ESTADUAL IRMA DOROTHY STANGE,0.0,0.0,0.5,0.5
MARABA,Jacundá,Urbana,False,15113388,True,ESCOLA ESTADUAL PROFA MARIA DA GLORIA RODRIGUES PA,,0.0,0.5,0.5
MARABA,Jacundá,Rural,False,15177769,False,ESCOLA ESTADUAL RURAL DE JACUNDA,0.0,0.0,0.0,0.5
OBIDOS,Juruti,Urbana,False,15000265,True,ESCOLA ESTADUAL DEP AMERICO PEREIRA LIMA,0.0,0.0,0.5,0.5
OBIDOS,Juruti,Urbana,False,15000281,True,ESCOLA ESTADUAL EMANUEL SALGADO VIEIRA,0.0,0.0,0.5,0.5
OBIDOS,Juruti,Urbana,False,15000290,True,ESCOLA ESTADUAL NOSSA SENHORA DA SAUDE,0.0,0.0,0.0,0.5
OBIDOS,Juruti,Rural,False,15164780,True,ESCOLA ESTADUAL PROFA ZENITA FREITAS DE MATOS,0.0,0.0,0.5,0.5
OBIDOS,Juruti,Rural,False,15177327,True,ESCOLA ESTADUAL RURAL DE JURUTI,0.0,0.0,0.5,0.5
OBIDOS,Juruti,Urbana,False,15578003,True,ESCOLA ESTADUAL VEREADOR RAIMUNDO DE SOUZA COELH,,0.0,0.5,0.5
CAMETA,Limoeiro do Ajuru,Urbana,False,15075109,True,ESCOLA ESTADUAL JERONIMO MILHOMEM TAVARES,0.0,0.0,0.0,0.5
CAMETA,Limoeiro do Ajuru,Rural,False,15177700,True,ESCOLA ESTADUAL RURAL DE LIMOEIRO DO AJURU,0.0,0.0,0.0,0.5
CAMETA,Limoeiro do Ajuru,Urbana,False,15529606,True,ESCOLA ESTADUAL PROF JOAO LUDOVICO,0.0,0.0,0.0,0.5
MAE DO RIO,Mãe do Rio,Urbana,False,15092542,True,ESCOLA ESTADUAL PADRE MARINO CONTTI,0.0,0.0,0.5,0.5
MAE DO RIO,Mãe do Rio,Urbana,False,15156796,True,ESCOLA ESTADUAL PROFA OSCARINA ANTONIA SOUZA DO R,,0.0,0.5,0.5
MAE DO RIO,Mãe do Rio,Rural,False,15177971,True,ESCOLA ESTADUAL RURAL DE MAE DO RIO,0.0,0.0,0.0,0.5
MARACANA,Magalhães Barata,Rural,False,15049736,True,ESCOLA ESTADUAL MANOEL SABINO DA SILVA,0.0,0.0,0.0,0.5
MARACANA,Magalhães Barata,Urbana,False,15049809,True,ESCOLA ESTADUAL PROF MANOEL JOAQUIM MONTEIRO,0.0,0.0,0.5,0.5
MARACANA,Magalhães Barata,Rural,False,15049957,True,ESCOLA ESTADUAL LAMEIRA BITTENCOURT,0.5,0.0,0.0,0.5
MARABA,Marabá,Urbana,False,15127079,True,ESCOLA ESTADUAL O PEQUENO PRINCIPE,0.0,0.0,0.0,0.5
MARABA,Marabá,Urbana,False,15127265,True,ESCOLA ESTADUAL DR GABRIEL SALES PIMENTA,0.0,0.0,0.5,0.5
MARABA,Marabá,Urbana,False,15127281,True,ESCOLA ESTADUAL LIBERDADE,0.0,0.0,0.0,0.5
MARABA,Marabá,Urbana,False,15127303,True,ESCOLA ESTADUAL DR JOSE CURSINO DE AZEVEDO,0.0,0.0,0.5,0.5
MARABA,Marabá,Urbana,False,15127311,True,ESCOLA ESTADUAL PROF ANISIO TEIXEIRA,0.0,0.0,0.5,0.5
MARABA,Marabá,Urbana,False,15127370,True,ESCOLA ESTADUAL DR GASPAR VIANNA,0.0,0.0,0.0,0.5
MARABA,Marabá,Urbana,False,15127389,True,ESCOLA ESTADUAL ACY DE JESUS NEVES DE BARROS PEREIR,,0.0,0.0,0.5
MARABA,Marabá,Urbana,False,15127613,True,ESCOLA ESTADUAL PROF ONEIDE DE SOUZA TAVARES,0.0,0.0,0.0,0.5
MARABA,Marabá,Urbana,False,15127648,True,ESCOLA ESTADUAL PROF PAULO FREIRE,0.0,0.0,0.0,0.5
MARABA,Marabá,Urbana,False,15127664,True,ESCOLA ESTADUAL PROF SALOME CARVALHO,0.0,0.0,0.5,0.5
MARABA,Marabá,Urbana,False,15127729,True,ESCOLA ESTADUAL PLINIO PINHEIRO,0.0,0.0,0.5,0.5
MARABA,Marabá,Urbana,False,15127737,True,ESCOLA ESTADUAL DR INACIO SOUSA MOTA,0.0,0.0,0.5,0.5
MARABA,Marabá,Urbana,False,15127745,True,ESCOLA ESTADUAL ELINDA SIMPLICIO COSTA,0.0,0.0,0.0,0.5
MARABA,Marabá,Urbana,False,15127753,True,ESCOLA ESTADUAL LUZIA NUNES FERNANDES,0.0,0.0,0.5,0.5
MARABA,Marabá,Urbana,False,15127907,True,ESCOLA ESTADUAL PROF JONATHAS PONTES ATHIAS,0.0,0.0,0.0,0.5
MARABA,Marabá,Urbana,False,15147223,True,ESCOLA ESTADUAL WALKISE DA SILVEIRA VIANNA,0.0,0.0,0.0,0.5
MARABA,Marabá,Rural,False,15161455,True,ESCOLA ESTADUAL SAO JOSE,0.0,0.0,0.0,0.5
MARABA,Marabá,Urbana,False,15169251,True,ANEXO EE LIBERDADE - INDEPENDENCIA,0.0,0.0,0.5,0.5
MARABA,Marabá,Rural,False,15169260,True,ANEXO EE ACY DE JESUS NEVES DE BARROS PEREIRA - VILA S,,0.0,0.0,0.5
MARABA,Marabá,Urbana,False,15169294,True,ANEXO EE DR GASPAR VIANNA - NOVA MARABA,0.0,0.0,0.5,0.5
MARABA,Marabá,Rural,False,15177777,True,ESCOLA ESTADUAL RURAL DE MARABA,0.0,0.0,0.0,0.5
MARABA,Marabá,Urbana,False,15547191,True,ESCOLA ESTADUAL RIO TOCANTINS,0.0,0.0,0.0,0.5
MARABA,Marabá,Urbana,False,15559726,True,ESCOLA ESTADUAL IRMA THEODORA,0.0,0.0,0.0,0.5
MARABA,Marabá,Urbana,False,15577406,True,ESCOLA ESTADUAL DR GERALDO MENDES DE CASTRO VELO,,0.0,0.0,0.5
MARACANA,Maracanã,Urbana,False,15050149,True,ESCOLA ESTADUAL PRESIDENTE KENNEDY,0.0,0.0,0.0,0.5
MARACANA,Maracanã,Urbana,False,15165949,True,ESCOLA ESTADUAL IZIDORIO FRANCISCO DE SOUZA,0.0,0.0,0.5,0.5
MARACANA,Maracanã,Rural,False,15177351,True,ESCOLA ESTADUAL RURAL DE MARACANA,0.0,0.0,0.0,0.5
CASTANHAL,Marapanim,Urbana,False,15051552,True,ESCOLA ESTADUAL REMIGIO FERNANDES,0.0,0.0,0.5,0.5
CASTANHAL,Marapanim,Rural,False,15178307,True,ESCOLA ESTADUAL RURAL DE MARAPANIM,0.0,0.0,0.0,0.5
CASTANHAL,Marapanim,Rural,False,15585891,True,ESCOLA ESTADUAL NELSON REBELO,0.0,0.0,0.5,0.5
BENEVIDES,Marituba,Urbana,False,15034429,True,ESCOLA ESTADUAL FERNANDO FERRARI,0.0,0.0,0.5,0.5
BENEVIDES,Marituba,Urbana,False,15034488,True,ESCOLA ESTADUAL PROF JOSE EDMUNDO QUEIROZ,0.0,0.0,0.5,0.5
BENEVIDES,Marituba,Urbana,False,15034690,True,ESCOLA ESTADUAL PRESIDENTE DUTRA,0.0,0.0,0.5,0.5
BENEVIDES,Marituba,Urbana,False,15043630,True,ESCOLA ESTADUAL SANTA TEREZA DAVILA,0.0,0.0,0.0,0.5
BENEVIDES,Marituba,Urbana,False,15043967,True,ESCOLA ESTADUAL DOM CALABRIA,0.0,0.0,0.5,0.5
BENEVIDES,Marituba,Urbana,False,15140591,True,ESCOLA ESTADUAL NOSSA SENHORA DO ROSARIO,0.0,0.0,0.5,0.5
BENEVIDES,Marituba,Urbana,False,15577660,True,ESCOLA ESTADUAL EDUARDO LAUANDE,0.0,0.0,0.5,0.5
ALTAMIRA,Medicilândia,Urbana,False,15107035,True,ESCOLA ESTADUAL FRANCISCA GOMES DOS SANTOS,0.0,0.0,0.5,0.5
ALTAMIRA,Medicilândia,Rural,False,15177980,False,ESCOLA ESTADUAL RURAL DE MEDICILANDIA,0.0,0.0,0.0,0.5
BREVES,Melgaço,Urbana,False,15020282,True,ESCOLA ESTADUAL PRES TANCREDO DE ALMEIDA NEVES,0.0,0.0,0.5,0.5
BREVES,Melgaço,Rural,False,15178293,True,ESCOLA ESTADUAL RURAL DE MELGACO,0.0,0.0,0.5,0.5
CAMETA,Mocajuba,Urbana,False,15076580,True,ESCOLA ESTADUAL PROF ISAURA BAHIA,0.0,0.0,0.5,0.5
CAMETA,Mocajuba,Urbana,False,15175383,True,ESCOLA ESTADUAL BENEDITA MARILDA DA SILVA BRAGA,0.0,0.0,0.0,0.5
CAMETA,Mocajuba,Rural,False,15177718,True,ESCOLA ESTADUAL RURAL DE MOCAJUBA,0.0,0.0,0.0,0.5
ABAETETUBA,Moju,Urbana,False,15166562,True,ESCOLA ESTADUAL PROF ECILA PANTOJA DA ROCHA,0.0,0.0,0.0,0.5
ABAETETUBA,Moju,Rural,False,15177483,True,ESCOLA ESTADUAL RURAL DE MOJU,0.0,0.0,0.5,0.5
ABAETETUBA,Moju,Urbana,False,15568873,True,ESCOLA ESTADUAL PROFA ERNESTINA PEREIRA MAIA,0.0,0.0,0.5,0.5
ABAETETUBA,Moju,Urbana,False,15587711,True,ESCOLA ESTADUAL ANTONIO DE OLIVEIRA GORDO,0.0,0.0,0.5,0.5
SANTAREM,Mojuí dos Campos,Urbana,False,15016668,True,ESCOLA ESTADUAL GOV FERNANDO GUILHON,0.0,0.0,0.0,0.5
SANTAREM,Mojuí dos Campos,Rural,False,15177556,True,ESCOLA ESTADUAL RURAL DE MOJUI DOS CAMPOS,0.0,0.0,0.0,0.5
MONTE ALEGRE,Monte Alegre,Urbana,False,15007324,True,ESCOLA ESTADUAL PREFEITO CARIM MELEM,0.0,0.0,0.5,0.5
MONTE ALEGRE,Monte Alegre,Urbana,False,15007375,True,ESCOLA ESTADUAL FRANCISCO NOBRE DE ALMEIDA,0.0,0.0,0.5,0.5
MONTE ALEGRE,Monte Alegre,Rural,False,15169065,True,ANEXO EE FRANCISCO NOBRE DE ALMEIDA - PA 245 KM 11,0.0,0.0,0.0,0.5
MONTE ALEGRE,Monte Alegre,Rural,False,15169090,True,ANEXO EE FRANCISCO NOBRE DE ALMEIDA - VILA DA CANP,0.0,0.0,0.0,0.5
MONTE ALEGRE,Monte Alegre,Rural,False,15169189,True,ANEXO EE FRANCISCO NOBRE DE ALMEIDA - VILA DE MURUM,,0.0,0.0,0.5
MONTE ALEGRE,Monte Alegre,Rural,False,15170403,True,ANEXO EE PE EDMUNDO DE LIMA CALVO - VILA DE LIMAO,0.0,0.0,0.0,0.5
MONTE ALEGRE,Monte Alegre,Rural,False,15177807,True,ESCOLA ESTADUAL RURAL DE MONTE ALEGRE,0.0,0.0,0.0,0.5
MONTE ALEGRE,Monte Alegre,Urbana,False,15572099,True,ESCOLA ESTADUAL C PRESIDENTE FERNANDO HENRIQUE,0.0,0.0,0.0,0.5
CURRALINHO,Muaná,Rural,False,15177645,True,ESCOLA ESTADUAL RURAL DE MUANA,0.0,0.0,0.0,0.5
CURRALINHO,Muaná,Urbana,False,15558118,True,ESCOLA ESTADUAL DR SERGIO MOTA,0.0,0.0,0.5,0.5
CAPITAO POCO,Nova Esperança do P,Uirirábana,False,15093158,True,ESCOLA ESTADUAL LINA SEFFER,0.0,0.0,0.5,0.5
CAPITAO POCO,Nova Esperança do P,Riruiáral,False,15178315,True,ESCOLA ESTADUAL RURAL DE NOVA ESPERANCA DO PIRIA,0.0,0.0,0.0,0.5
MARABA,Nova Ipixuna,Rural,False,15177823,True,ESCOLA ESTADUAL RURAL DE NOVA IPIXUNA,0.0,0.0,0.0,0.5
MARABA,Nova Ipixuna,Urbana,False,15579581,True,ESCOLA ESTADUAL MARIA IRANY RODRIGUES DA SILVA,0.0,0.0,0.5,0.5
CAPANEMA,Nova Timboteua,Urbana,False,15061310,True,ESCOLA ESTADUAL DES AUGUSTO OLIMPIO,0.0,0.0,0.5,0.5
CAPANEMA,Nova Timboteua,Rural,False,15170241,True,ANEXO EE DES AUGUSTO OLIMPIO - VILA TIMBOTEUA,0.0,0.0,0.5,0.5
ITAITUBA,Novo Progresso,Urbana,False,15140741,True,ESCOLA ESTADUAL WALDEMAR LINDERMAYER,0.0,0.0,0.5,0.5
ITAITUBA,Novo Progresso,Rural,False,15177599,False,ESCOLA ESTADUAL RURAL DE NOVO PROGRESSO,0.0,0.0,0.0,0.5
TUCURUI,Novo Repartimento,Urbana,False,15114686,True,ESCOLA ESTADUAL PAPA PAULO VI,0.0,0.0,0.0,0.5
TUCURUI,Novo Repartimento,Urbana,False,15168913,True,ANEXO EE PAPA PAULO VI - VILA TUCURUI,0.0,0.0,0.5,0.0
TUCURUI,Novo Repartimento,Rural,False,15168921,True,ANEXO EE PAPA PAULO VI - MARACAJA,0.0,0.0,0.0,0.5
TUCURUI,Novo Repartimento,Rural,False,15177521,False,ESCOLA ESTADUAL RURAL DE NOVO REPARTIMENTO,0.0,0.0,0.0,0.5
OBIDOS,Óbidos,Urbana,False,15001504,True,ESCOLA ESTADUAL SAO JOSE,0.0,0.0,0.5,0.5
OBIDOS,Óbidos,Urbana,False,15167429,True,ESCOLA ESTADUAL PROF MAURICIO HAMOY,0.0,0.0,0.5,0.5
OBIDOS,Óbidos,Rural,False,15177335,True,ESCOLA ESTADUAL RURAL DE OBIDOS,0.0,0.0,0.5,0.5
CURRALINHO,Oeiras do Pará,Rural,False,15177530,True,ESCOLA ESTADUAL RURAL DE OEIRAS DO PARA,0.0,0.0,0.5,0.5
CURRALINHO,Oeiras do Pará,Urbana,False,15553655,True,ESCOLA ESTADUAL RAIMUNDO RIBEIRO DA COSTA,0.0,0.0,0.5,0.5
OBIDOS,Oriximiná,Urbana,False,15002853,True,ESCOLA ESTADUAL PADRE JOSE NICOLINO DE SOUZA,0.0,0.0,0.5,0.5
OBIDOS,Oriximiná,Rural,False,15177343,False,ESCOLA ESTADUAL RURAL DE ORIXIMINA,0.0,0.0,0.0,0.5
OBIDOS,Oriximiná,Urbana,False,15577058,True,ESCOLA ESTADUAL DR ALMIR GABRIEL,0.0,0.0,0.5,0.5
CAPANEMA,Ourém,Rural,False,15093581,True,ESCOLA ESTADUAL IRMA SANCHA AUGUSTA DE SOUZA E SILV,,0.5,0.5,0.5
CAPANEMA,Ourém,Urbana,False,15093620,True,ESCOLA ESTADUAL PADRE ANGELO MORETTI,0.0,0.0,0.0,0.5
CAPANEMA,Ourém,Urbana,False,15093654,True,ESCOLA ESTADUAL PADRE ANTONIO VIEIRA,0.0,0.5,0.5,0.5
CAPANEMA,Ourém,Urbana,False,15156672,True,ESCOLA ESTADUAL PROFA MARIA SOCORRO OLIVEIRA DA RO,,0.0,0.0,0.5
XINGUARA,Ourilândia do Norte,Urbana,False,15120902,True,ESCOLA ESTADUAL DR ROMILDO VELOSO E SILVA,0.0,0.0,0.5,0.5
XINGUARA,Ourilândia do Norte,Rural,False,15178056,True,ESCOLA ESTADUAL RURAL DE OURILANDIA DO NORTE,0.0,0.0,0.5,0.5
TUCURUI,Pacajá,Urbana,False,15107582,True,ESCOLA ESTADUAL ALUISIO LOCH,0.0,0.0,0.5,0.5
TUCURUI,Pacajá,Rural,False,15177564,True,ESCOLA ESTADUAL RURAL DE PACAJA,0.0,0.0,0.0,0.5
TUCURUI,Pacajá,Rural,False,15211053,True,ESCOLA ESTADUAL DOM JOSE ELIAS CHAVES,0.0,0.0,0.0,0.5
MARABA,Palestina do Pará,Urbana,False,15129578,True,ESCOLA ESTADUAL 21 DE ABRIL,0.0,0.0,0.0,0.5
MARABA,Palestina do Pará,Rural,False,15178323,False,ESCOLA ESTADUAL RURAL DE PALESTINA DO PARA,0.0,0.0,0.0,0.5
MAE DO RIO,Paragominas,Urbana,False,15118991,True,ESCOLA ESTADUAL PRESIDENTE CASTELO BRANCO,0.0,0.0,0.0,0.5
MAE DO RIO,Paragominas,Urbana,False,15169030,True,ESCOLA ESTADUAL ELIEL PEREIRA FAUSTINO,0.0,0.0,0.0,0.5
MAE DO RIO,Paragominas,Rural,False,15177998,True,ESCOLA ESTADUAL RURAL DE PARAGOMINAS,0.0,0.0,0.0,0.5
MAE DO RIO,Paragominas,Urbana,False,15212602,True,ESCOLA ESTADUAL PROF RAIMUNDO LAUREANO DA SILVA S,,0.0,0.5,0.5
MAE DO RIO,Paragominas,Urbana,False,15582930,True,ESCOLA ESTADUAL GUILHERME GABRIEL,0.0,0.0,0.5,0.5
PARAUAPEBAS,Parauapebas,Urbana,False,15125351,True,ESCOLA ESTADUAL CECILIA MEIRELES,0.0,0.0,0.0,0.5
PARAUAPEBAS,Parauapebas,Urbana,False,15125432,False,ESCOLA ESTADUAL EDUARDO ANGELIM,0.0,0.0,0.0,0.5
PARAUAPEBAS,Parauapebas,Urbana,False,15125440,True,ESCOLA ESTADUAL GEN EUCLYDES FIGUEIREDO,0.0,0.0,0.0,0.5
PARAUAPEBAS,Parauapebas,Urbana,False,15165957,True,ESCOLA ESTADUAL PROF LUIS MAGNO ARAUJO,0.0,0.0,0.0,0.5
PARAUAPEBAS,Parauapebas,Rural,False,15165981,True,ESCOLA ESTADUAL CRESCENDO NA PRATICA,0.0,0.0,0.5,0.5
PARAUAPEBAS,Parauapebas,Urbana,False,15166694,True,ESCOLA ESTADUAL PAULO FREIRE,0.0,0.0,0.5,0.5
PARAUAPEBAS,Parauapebas,Urbana,False,15167453,True,ESCOLA ESTADUAL JANELAS PARA O MUNDO,0.0,0.0,0.5,0.5
PARAUAPEBAS,Parauapebas,Urbana,False,15167747,True,ESCOLA ESTADUAL FARUK SALMEN,0.0,0.0,0.5,0.5
PARAUAPEBAS,Parauapebas,Rural,False,15170381,True,ANEXO EE EDUARDO ANGELIM - VILA CEDERE I,0.0,0.0,0.0,0.5
PARAUAPEBAS,Parauapebas,Rural,False,15177831,False,ESCOLA ESTADUAL RURAL DE PARAUAPEBAS,0.0,0.0,0.0,0.5
PARAUAPEBAS,Parauapebas,Urbana,False,15179214,False,ESCOLA ESTADUAL PROF SERAFIM FERNANDES DA SILVA,0.0,0.0,0.0,0.5
PARAUAPEBAS,Parauapebas,Urbana,False,15212807,True,ESCOLA ESTADUAL JOAO PRUDENCIO DE BRITO,0.0,0.0,0.5,0.5
PARAUAPEBAS,Parauapebas,Urbana,False,15526240,True,ESCOLA ESTADUAL IRMA DULCE,0.0,0.0,0.5,0.5
PARAUAPEBAS,Parauapebas,Urbana,False,15553558,True,ESCOLA ESTADUAL GONCALVES DIAS,0.0,0.0,0.5,0.5
PARAUAPEBAS,Parauapebas,Urbana,False,15553566,True,ESCOLA ESTADUAL CARLOS HENRIQUE,0.0,0.0,0.5,0.5
PARAUAPEBAS,Parauapebas,Urbana,False,15584046,True,ESCOLA ESTADUAL PROFA MARLUCE MASSARIOL DE SOUZA,0.0,0.0,0.5,0.5
CONCEICAO DO ARAGUAIA,Pau D'Arco,Urbana,False,15131572,True,ESCOLA ESTADUAL PAULO HANNEMANN,0.0,0.0,0.5,0.5
CAPANEMA,Peixe-Boi,Urbana,False,15061876,True,ESCOLA ESTADUAL JONATHAS PONTES ATHIAS,0.0,0.0,0.5,0.5
CAPANEMA,Peixe-Boi,Rural,False,15170390,True,ANEXO EE JONATHAS PONTES ATHIAS - TAUARIZINHO,0.0,0.0,0.0,0.5
MARABA,Piçarra,Urbana,False,15132420,True,ESCOLA ESTADUAL ALICE SILVEIRA LIMA,0.0,0.0,0.0,0.5
MARABA,Piçarra,Rural,False,15178374,True,ESCOLA ESTADUAL RURAL DE PICARRA,0.0,0.0,0.0,0.5
ITAITUBA,Placas,Urbana,False,15011330,True,ESCOLA ESTADUAL PRESIDENTE TANCREDO NEVES,0.0,0.0,0.5,0.5
ITAITUBA,Placas,Rural,False,15177637,True,ESCOLA ESTADUAL RURAL DE PLACAS,0.0,0.0,0.0,0.5
CURRALINHO,Ponta de Pedras,Urbana,False,15031764,True,ESCOLA ESTADUAL AURELIANA MONTEIRO,0.0,0.0,0.0,0.5
CURRALINHO,Ponta de Pedras,Rural,False,15031829,False,ESCOLA ESTADUAL JOELSON DOS SANTOS RODRIGUES,0.0,0.0,0.0,0.5
CURRALINHO,Ponta de Pedras,Urbana,False,15031837,True,ESCOLA ESTADUAL DRA ESTER MOUTA,0.0,0.0,0.5,0.5
CURRALINHO,Ponta de Pedras,Rural,False,15177661,True,ESCOLA ESTADUAL RURAL DE PONTA DE PEDRAS,0.0,0.0,0.0,0.5
CURRALINHO,Ponta de Pedras,Urbana,False,15588831,True,ESCOLA ESTADUAL DALCIDIO JURANDIR,0.0,0.0,0.5,0.5
BREVES,Portel,Urbana,False,15021564,True,ESCOLA ESTADUAL PAULINO DE BRITO,0.0,0.0,0.5,0.5
BREVES,Portel,Rural,False,15178285,True,ESCOLA ESTADUAL RURAL DE PORTEL,0.0,0.0,0.0,0.5
BREVES,Portel,Urbana,False,15574865,True,ESCOLA ESTADUAL DEPUTADO NICIAS RIBEIRO,0.0,0.0,0.5,0.5
ALTAMIRA,Porto de Moz,Urbana,False,15017893,True,ESCOLA ESTADUAL DOM PEDRO I,0.0,0.0,0.5,0.5
ALTAMIRA,Porto de Moz,Urbana,False,15158950,True,ESCOLA ESTADUAL JOSE ALFREDO HAGE,0.0,0.0,0.5,0.5
ALTAMIRA,Porto de Moz,Rural,False,15178889,True,ESCOLA ESTADUAL RURAL DE PORTO DE MOZ,0.0,0.0,0.0,0.5
MONTE ALEGRE,Prainha,Urbana,False,15009432,True,ESCOLA ESTADUAL PRETEXTATO DA COSTA ALVARENGA,0.0,0.0,0.5,0.5
MONTE ALEGRE,Prainha,Rural,False,15169073,True,ANEXO EE PRETEXTATO DA COSTA ALVARENGA - SANTA MARI,,0.0,0.5,0.5
MONTE ALEGRE,Prainha,Rural,False,15169081,True,ANEXO EE PRETEXTATO DA COSTA ALVARENGA - BOA VISTA D,,0.0,0.5,0.5
MONTE ALEGRE,Prainha,Rural,False,15177815,False,ESCOLA ESTADUAL RURAL DE PRAINHA,0.0,0.0,0.0,0.5
CAPANEMA,Primavera,Urbana,False,15062201,True,ESCOLA ESTADUAL MANOEL LOBATO,0.0,0.5,0.5,0.5
CAPANEMA,Primavera,Urbana,False,15062244,True,ESCOLA ESTADUAL INOCENCIO SOARES,0.0,0.5,0.0,0.5
CAPANEMA,Quatipuru,Urbana,False,15062503,True,ESCOLA ESTADUAL MARIA ALICE GEOLAS MOURA CARVALHO,0.0,0.5,0.5,0.5
CAPANEMA,Quatipuru,Rural,False,15062520,True,ESCOLA ESTADUAL JOAO PAULO I,0.0,0.5,0.5,0.5
CAPANEMA,Quatipuru,Urbana,False,15062538,True,ESCOLA ESTADUAL ANTONIO MORAES DO NASCIMENTO,0.0,0.0,0.0,0.5
CONCEICAO DO ARAGUAIA,Redenção,Urbana,False,15131122,True,ESCOLA ESTADUAL PROFA DEUZUITA PEREIRA DE QUEIROZ,0.0,0.0,0.5,0.5
CONCEICAO DO ARAGUAIA,Redenção,Urbana,False,15131130,True,ESCOLA ESTADUAL ENG PALMA MUNIZ,0.0,0.0,0.0,0.5
CONCEICAO DO ARAGUAIA,Redenção,Urbana,False,15169227,True,ANEXO EE ENG PALMA MUNIZ - CAPUAVA II,0.0,0.0,0.5,0.5
CONCEICAO DO ARAGUAIA,Redenção,Rural,False,15178072,True,ESCOLA ESTADUAL RURAL DE REDENCAO,0.0,0.0,0.0,0.5
CONCEICAO DO ARAGUAIA,Redenção,Urbana,False,15586421,True,ESCOLA ESTADUAL MARIA BENTA OLIVEIRA DE SOUSA,0.0,0.0,0.5,0.5
XINGUARA,Rio Maria,Urbana,False,15131831,True,ESCOLA ESTADUAL SEN CATETE PINHEIRO,0.0,0.0,0.5,0.5
MARABA,Rondon do Pará,Urbana,False,15119777,True,ESCOLA ESTADUAL DR DIONISIO BENTES DE CARVALHO,0.0,0.0,0.5,0.5
ITAITUBA,Rurópolis,Urbana,False,15102696,True,ESCOLA ESTADUAL GOV EURICO VALE,0.0,0.0,0.5,0.5
ITAITUBA,Rurópolis,Rural,False,15168700,True,ANEXO EE GOV EURICO VALE - DIVINOPOLIS,0.0,0.0,0.5,0.5
CAPANEMA,Salinópolis,Urbana,False,15052150,True,ESCOLA ESTADUAL PROFA ARACY ALVES DIAS,0.0,0.0,0.5,0.5
CAPANEMA,Salinópolis,Urbana,False,15052168,True,ESCOLA ESTADUAL DOM BOSCO,0.0,0.0,0.0,0.5
CAPANEMA,Salinópolis,Urbana,False,15052184,True,ESCOLA ESTADUAL PADRE DUBOIS,0.0,0.0,0.0,0.5
CAPANEMA,Salinópolis,Urbana,False,15052192,True,ESCOLA ESTADUAL PROF TEODATO DE REZENDE,0.0,0.0,0.0,0.5
CAPANEMA,Salinópolis,Urbana,False,15052206,True,ESCOLA ESTADUAL TIRADENTES,0.0,0.0,0.0,0.5
CAPANEMA,Salinópolis,Urbana,False,15052222,True,ESCOLA ESTADUAL DR MIGUEL DE SANTA BRIGIDA,0.0,0.0,0.5,0.5
CAPANEMA,Salinópolis,Urbana,False,15052559,False,ESCOLA ESTADUAL LAURA DO CARMO VICUNA,0.0,0.0,0.0,0.5
CAPANEMA,Salinópolis,Rural,False,15052575,True,ESCOLA ESTADUAL ADRIANO SANTA BRIGIDA,0.0,0.0,0.0,0.5
CAPANEMA,Salinópolis,Rural,False,15145735,True,ESCOLA ESTADUAL EURIDES BRITO,0.0,0.0,0.5,0.5
CACHOEIRA DO ARARI,Salvaterra,Urbana,False,15032744,True,ESCOLA ESTADUAL PROF ADEMAR NUNES VASCONCELOS,0.0,0.0,0.5,0.5
CACHOEIRA DO ARARI,Salvaterra,Rural,False,15178536,False,ESCOLA ESTADUAL RURAL DE SALVATERRA,0.0,0.0,0.5,0.5
CACHOEIRA DO ARARI,Salvaterra,Urbana,False,15583910,True,ESCOLA ESTADUAL SALOMAO MATOS,0.0,0.0,0.5,0.5
SANTA BARBARA,Santa Bárbara do Pa,rUárbana,False,15044114,True,ESCOLA ESTADUAL DR PADUA COSTA,0.0,0.5,0.5,0.5
SANTA BARBARA,Santa Bárbara do Pa,rRáural,False,15044122,True,ESCOLA ESTADUAL GENIPAUBA,0.0,0.0,0.0,0.5
SANTA BARBARA,Santa Bárbara do Pa,rUárbana,False,15044262,True,ESCOLA ESTADUAL SERGIO JOSE MACHADO,0.0,0.5,0.5,0.5
SANTA BARBARA,Santa Bárbara do Pa,rUárbana,False,15519392,True,ESCOLA ESTADUAL SANTA BARBARA,0.0,0.0,0.0,0.5
CACHOEIRA DO ARARI,Santa Cruz do Arari,Rural,False,15033392,False,ESCOLA ESTADUAL JOAO FARIAS BARROS,0.0,0.0,0.5,0.5
CACHOEIRA DO ARARI,Santa Cruz do Arari,Urbana,False,15033406,True,ESCOLA ESTADUAL JOAO APOLINARIO BATISTA,0.0,0.0,0.5,0.5
SANTA IZABEL DO PARA,Santa Izabel do Pará,Urbana,False,15047040,True,ESCOLA ESTADUAL ANTONIO LEMOS,0.0,0.0,0.5,0.5
SANTA IZABEL DO PARA,Santa Izabel do Pará,Rural,False,15047423,True,ESCOLA ESTADUAL MAGALHAES BARATA,0.0,0.0,0.5,0.5
SANTA IZABEL DO PARA,Santa Izabel do Pará,Urbana,False,15168727,False,ESCOLA ESTADUAL ROBERTO CARLOS NUNES BARROSO,0.5,0.5,0.5,0.5
SANTA IZABEL DO PARA,Santa Izabel do Pará,Urbana,False,15175413,True,ESCOLA ESTADUAL PROF ELZA DE OLIVEIRA MAIA,0.0,0.0,0.0,0.5
SANTA IZABEL DO PARA,Santa Izabel do Pará,Urbana,False,15561836,True,ESCOLA ESTADUAL PROFA MARIETA EMMI,0.0,0.0,0.5,0.5
CAPANEMA,Santa Luzia do Pará,Urbana,False,15094065,True,ESCOLA ESTADUAL PROFA FLORENTINA DAMASCENO,0.0,0.0,0.5,0.5
CONCEICAO DO ARAGUAIA,Santa Maria das Barr,eUirrabsana,False,15136060,True,ESCOLA ESTADUAL CASTRO ALVES,0.0,0.5,0.5,0.5
CONCEICAO DO ARAGUAIA,Santa Maria das Barr,eRiruarsal,False,15178099,True,ESCOLA ESTADUAL RURAL DE SANTA MARIA DAS BARREIRAS,0.0,0.0,0.0,0.5
CASTANHAL,Santa Maria do Pará,Urbana,False,15062767,True,ESCOLA ESTADUAL SEVERIANO BENEDITO DE SOUZA,0.0,0.0,0.5,0.5
CASTANHAL,Santa Maria do Pará,Rural,False,15062791,False,ESCOLA ESTADUAL INDIGENA CACICA MARIA CASSIANO TEM,,0.5,0.5,0.5
CASTANHAL,Santa Maria do Pará,Urbana,False,15062805,True,ESCOLA ESTADUAL JOAO BOTELHO DE SOUZA,0.0,0.5,0.0,0.5
CASTANHAL,Santa Maria do Pará,Urbana,False,15062813,True,ESCOLA ESTADUAL MAGALHAES BARATA,0.0,0.5,0.0,0.5
CASTANHAL,Santa Maria do Pará,Rural,False,15062821,True,ESCOLA ESTADUAL PROF MARCOS NUNES,0.0,0.0,0.0,0.5
CASTANHAL,Santa Maria do Pará,Rural,False,15062848,True,ESCOLA ESTADUAL DR ARMANDO CORREA,0.0,0.0,0.0,0.5
CASTANHAL,Santa Maria do Pará,Urbana,False,15062856,True,ESCOLA ESTADUAL JOAO GABRIEL DA SILVA,0.0,0.0,0.5,0.5
CONCEICAO DO ARAGUAIA,Santana do Araguaia,Urbana,False,15136647,True,ESCOLA ESTADUAL PROF JORCELI SILVA SESTARI,0.0,0.0,0.0,0.5
CONCEICAO DO ARAGUAIA,Santana do Araguaia,Urbana,False,15168840,False,ANEXO EE JORCELI SILVA SESTARI - SERINGAL I,0.0,0.0,0.5,0.5
CONCEICAO DO ARAGUAIA,Santana do Araguaia,Rural,False,15171582,True,ANEXO EE PROF JORCELI SILVA SESTARI - VILA MANDI,0.0,0.0,0.0,0.5
CONCEICAO DO ARAGUAIA,Santana do Araguaia,Rural,False,15178129,True,ESCOLA ESTADUAL RURAL DE SANTANA DO ARAGUAIA,0.0,0.0,0.0,0.5
SANTAREM,Santarém,Rural,False,15011259,True,ESCOLA ESTADUAL SAO JOSE,0.0,0.0,0.0,0.5
SANTAREM,Santarém,Urbana,False,15011275,True,ESCOLA ESTADUAL SAO RAIMUNDO NONATO,0.0,0.0,0.0,0.5
SANTAREM,Santarém,Urbana,False,15011321,True,ESCOLA ESTADUAL PROF ROMANA TAVARES LEAL,0.0,0.0,0.0,0.5
SANTAREM,Santarém,Urbana,False,15011356,True,ESCOLA ESTADUAL ALMIRANTE SOARES DUTRA,0.0,0.0,0.5,0.5
SANTAREM,Santarém,Urbana,False,15011372,True,ESCOLA ESTADUAL ALVARO ADOLFO DA SILVEIRA,0.0,0.0,0.0,0.5
SANTAREM,Santarém,Urbana,False,15011380,True,ESCOLA ESTADUAL ANTONIO BATISTA BELO DE CARVALHO,0.0,0.0,0.5,0.5
SANTAREM,Santarém,Urbana,False,15011402,True,ESCOLA ESTADUAL BARAO DO TAPAJOS,0.0,0.0,0.0,0.5
SANTAREM,Santarém,Urbana,False,15011410,True,ESCOLA ESTADUAL NOSSA SENHORA DE GUADALUPE,0.0,0.0,0.0,0.5
SANTAREM,Santarém,Urbana,False,15011437,True,ESCOLA ESTADUAL PROF ALUISIO LOPES MARTINS,0.0,0.0,0.5,0.5
SANTAREM,Santarém,Urbana,False,15011526,True,ESCOLA ESTADUAL SAO FELIPE,0.0,0.0,0.0,0.5
SANTAREM,Santarém,Urbana,False,15011534,True,ESCOLA ESTADUAL PROF TEREZINHA DE JESUS RODRIGUES,0.0,0.5,0.5,0.5
SANTAREM,Santarém,Urbana,False,15011542,True,ESCOLA ESTADUAL FELISBELO JAGUAR SUSSUARANA,0.0,0.0,0.0,0.5
SANTAREM,Santarém,Urbana,False,15011550,True,ESCOLA ESTADUAL EZERIEL MONICO DE MATOS,0.0,0.5,0.5,0.5
SANTAREM,Santarém,Urbana,False,15011577,True,ESCOLA ESTADUAL FREI AMBROSIO,0.0,0.0,0.0,0.5
SANTAREM,Santarém,Urbana,False,15011585,True,ESCOLA ESTADUAL FREI OTHMAR,0.0,0.0,0.0,0.5
SANTAREM,Santarém,Urbana,False,15011593,True,ESCOLA ESTADUAL GONCALVES DIAS,0.0,0.0,0.0,0.5
SANTAREM,Santarém,Urbana,False,15011607,True,ESCOLA ESTADUAL JOSE DE ALENCAR,0.0,0.0,0.5,0.5
SANTAREM,Santarém,Urbana,False,15011615,True,ESCOLA ESTADUAL JULIA GONCALVES PASSARINHO,0.0,0.0,0.0,0.5
SANTAREM,Santarém,Urbana,False,15011623,True,ESCOLA ESTADUAL MADRE IMACULADA,0.0,0.0,0.0,0.5
SANTAREM,Santarém,Urbana,False,15011658,True,ESCOLA ESTADUAL NOSSA SENHORA APARECIDA,0.0,0.0,0.0,0.5
SANTAREM,Santarém,Urbana,False,15011666,True,ESCOLA ESTADUAL PEDRO ALVARES CABRAL,0.0,0.0,0.5,0.5
SANTAREM,Santarém,Urbana,False,15011674,True,ESCOLA ESTADUAL PLACIDO DE CASTRO,0.0,0.0,0.5,0.5
SANTAREM,Santarém,Urbana,False,15011690,True,ESCOLA ESTADUAL ONESIMA PEREIRA DE BARROS,0.0,0.0,0.0,0.5
SANTAREM,Santarém,Urbana,False,15011704,True,ESCOLA ESTADUAL PROFA MARIA UCHOA MARTINS,0.0,0.0,0.0,0.5
SANTAREM,Santarém,Urbana,False,15011712,True,ESCOLA ESTADUAL RICHARD HENNINGTON,0.0,0.0,0.0,0.5
SANTAREM,Santarém,Urbana,False,15011739,True,ESCOLA ESTADUAL RODRIGUES DOS SANTOS,0.0,0.0,0.0,0.5
SANTAREM,Santarém,Urbana,False,15015270,True,ESCOLA ESTADUAL DIOCESANA SAO FRANCISCO,0.0,0.0,0.0,0.5
SANTAREM,Santarém,Rural,False,15168697,True,ESCOLA ESTADUAL ANTONIO FIGUEIRA,0.0,0.0,0.5,0.5
SANTAREM,Santarém,Rural,False,15168760,True,ANEXO EE JULIA GONCALVES PASSARINHO - JACAMIN,0.0,0.0,0.0,0.5
SANTAREM,Santarém,Rural,False,15168778,True,ANEXO EE SAO FELIPE - CIPOAL,0.0,0.0,0.0,0.5
SANTAREM,Santarém,Rural,False,15169235,True,ESCOLA ESTADUAL DOM MACEDO COSTA,0.0,0.0,0.5,0.5
SANTAREM,Santarém,Urbana,False,15170080,True,ANEXO EE JULIA GONCALVES PASSARINHO - MARARU,0.0,0.0,0.0,0.5
SANTAREM,Santarém,Rural,False,15170098,True,ANEXO EE RIO TAPAJOS - BOA ESPERANCA,0.0,0.0,0.0,0.5
SANTAREM,Santarém,Rural,False,15177734,True,ESCOLA ESTADUAL RURAL DE SANTAREM,0.0,0.0,0.0,0.5
SANTAREM,Santarém,Urbana,False,15528855,True,ESCOLA ESTADUAL JADER FONTENELLE BARBALHO,0.0,0.0,0.5,0.5
SANTAREM,Santarém,Urbana,False,15542475,True,ESCOLA ESTADUAL DOM TIAGO RYAN,0.0,0.0,0.0,0.5
SANTAREM,Santarém,Urbana,False,15551890,True,ESCOLA ESTADUAL RIO TAPAJOS,0.0,0.0,0.0,0.5
SANTAREM,Santarém,Urbana,False,15585026,True,ESCOLA ESTADUAL MAESTRO WILSON DIAS DA FONSECA,0.0,0.0,0.5,0.5
CAPANEMA,Santarém Novo,Urbana,False,15063615,True,ESCOLA ESTADUAL ROSA CARRERA LOUREIRO AQUINO,0.0,0.0,0.5,0.5
SANTA IZABEL DO PARA,Santo Antônio do Tau,Uárbana,False,15047849,True,ESCOLA ESTADUAL INACIO MOURA,0.0,0.0,0.5,0.5
SANTA IZABEL DO PARA,Santo Antônio do Tau,Ráural,False,15177548,True,ESCOLA ESTADUAL RURAL DE SANTO ANTONIO DO TAUA,0.0,0.0,0.5,0.5
SANTA IZABEL DO PARA,Santo Antônio do Tau,Uárbana,False,15578011,True,ESCOLA ESTADUAL CELSO RODRIGUES,0.0,0.0,0.0,0.5
SANTA IZABEL DO PARA,São Caetano de Odiv,eUlrabsana,False,15052737,True,ESCOLA ESTADUAL DESEMBARGADOR OSVALDO BRITO DE F,,0.0,0.5,0.5
SANTA IZABEL DO PARA,São Caetano de Odiv,eUlrabsana,False,15052761,True,ESCOLA ESTADUAL ROSA ROCHA ALMEIDA,0.0,0.5,0.0,0.5
MARABA,São Domingos do Ar,aUgurbaaiana,False,15129799,True,ESCOLA ESTADUAL PROFA ELZA MARIA CORREA DANTAS,0.0,0.0,0.5,0.5
MARABA,São Domingos do Ar,aRguuraaial,False,15177840,False,ESCOLA ESTADUAL RURAL DE SAO DOMINGOS DO ARAGUAIA,0.0,0.0,0.0,0.5
CASTANHAL,São Domingos do Ca,pUirmbana,False,15094596,True,ESCOLA ESTADUAL MAROJA NETO,0.0,0.0,0.5,0.5
CASTANHAL,São Domingos do Ca,pRiumral,False,15094669,True,ESCOLA ESTADUAL PROF JONATHAS ATIAS,0.0,0.0,0.0,0.5
CASTANHAL,São Domingos do Ca,pUirmbana,False,15094693,True,ESCOLA ESTADUAL PROF VICENTINA SODRE DE ARAUJO,0.0,0.0,0.0,0.5
CASTANHAL,São Domingos do Ca,pRiumral,False,15177424,True,ESCOLA ESTADUAL RURAL DE SAO DOMINGOS DO CAPIM,0.0,0.0,0.0,0.5
XINGUARA,São Félix do Xingu,Urbana,False,15121607,True,ESCOLA ESTADUAL CARMINA GOMES,0.0,0.0,0.5,0.5
XINGUARA,São Félix do Xingu,Rural,False,15168859,True,ANEXO EE CARMINA GOMES - VILA TABOCA,0.0,0.0,0.5,0.5
XINGUARA,São Félix do Xingu,Rural,True,15170160,False,ANEXO EE CARMINA GOMES - KOKRAYMOR,0.0,0.0,0.0,0.5
XINGUARA,São Félix do Xingu,Rural,False,15178102,False,ESCOLA ESTADUAL RURAL DE SAO FELIX DO XINGU,0.0,0.0,0.0,0.5
CASTANHAL,São Francisco do Pa,ráUrbana,False,15063879,True,ESCOLA ESTADUAL PROFA MARIA DA CONCEICAO GOMES D,,0.0,0.5,0.5
MARABA,São Geraldo do Arag,uUaribaana,False,15132412,True,ESCOLA ESTADUAL MACARIO DANTAS,0.0,0.0,0.0,0.5
MARABA,São Geraldo do Arag,uUaribaana,False,15138763,True,ESCOLA ESTADUAL LENILSON LUIZ MIRANDA,0.0,0.0,0.5,0.5
MARABA,São Geraldo do Arag,uRauiaral,False,15169375,True,ANEXO EE MACARIO DANTAS - VILA FORTALEZA,0.0,0.0,0.0,0.5
MARABA,São Geraldo do Arag,uRauiaral,False,15215008,True,ESCOLA ESTADUAL NOVO PARAISO,0.0,0.0,0.0,0.5
CASTANHAL,São João da Ponta,Urbana,False,15053440,True,ESCOLA ESTADUAL PROF ANTONIA ROSA,0.0,0.0,0.5,0.5
CAPANEMA,São João de Pirabas,Urbana,False,15053482,True,ESCOLA ESTADUAL FRANCISCO DA SILVA NUNES,0.0,0.0,0.5,0.5
MARABA,São João do Araguaia,Rural,False,15177882,True,ESCOLA ESTADUAL RURAL DE SAO JOAO DO ARAGUAIA,0.0,0.0,0.0,0.5
MARABA,São João do Araguaia,Urbana,False,15550087,True,ESCOLA ESTADUAL DR ABEL FIGUEREDO,0.0,0.0,0.5,0.5
CASTANHAL,São Miguel do Guam,áUrbana,False,15095916,True,ESCOLA ESTADUAL FREI MIGUEL DE BULHOES,0.0,0.0,0.5,0.5
CASTANHAL,São Miguel do Guam,áRural,False,15177459,True,ESCOLA ESTADUAL RURAL DE SAO MIGUEL DO GUAMA,0.0,0.0,0.5,0.5
CASTANHAL,São Miguel do Guam,áUrbana,False,15213404,True,ESCOLA ESTADUAL IRMA CARLA GIUSSANI,0.0,0.0,0.5,0.5
CURRALINHO,São Sebastião da Bo,aU Vrbisatana,False,15027635,True,ESCOLA ESTADUAL JOAO XXIII,0.0,0.0,0.0,0.5
CURRALINHO,São Sebastião da Bo,aR Vuirsatla,False,15177688,True,ESCOLA ESTADUAL RURAL DE SAO SEBASTIAO DA BOA VISTA,0.0,0.0,0.0,0.5
XINGUARA,Sapucaia,Urbana,False,15134016,True,ESCOLA ESTADUAL PAULO FREIRE,0.0,0.0,0.5,0.5
ALTAMIRA,Senador José Porfírio,Urbana,False,15109194,True,ESCOLA ESTADUAL ROSA ALVAREZ REBELO,0.0,0.0,0.5,0.5
ALTAMIRA,Senador José Porfírio,Rural,False,15178137,True,ESCOLA ESTADUAL RURAL DE SENADOR JOSE PORFIRIO,0.0,0.0,0.0,0.5
CACHOEIRA DO ARARI,Soure,Rural,False,15033643,False,ESCOLA ESTADUAL JOANA DE LIMA CABRAL,0.0,0.0,0.0,0.5
CACHOEIRA DO ARARI,Soure,Urbana,False,15033651,True,ESCOLA ESTADUAL PROF GASPARINO BATISTA DA SILVA,0.0,0.5,0.5,0.5
CACHOEIRA DO ARARI,Soure,Urbana,False,15033724,True,ESCOLA ESTADUAL PROF EDDA DE SOUSA GONCALVES,0.0,0.5,0.5,0.5
CACHOEIRA DO ARARI,Soure,Urbana,False,15033813,True,ESCOLA ESTADUAL STELLA MARIS,0.0,0.0,0.0,0.5
ABAETETUBA,Tailândia,Urbana,False,15084434,True,ESCOLA ESTADUAL SAO FRANCISCO DE ASSIS,0.0,0.0,0.5,0.5
ABAETETUBA,Tailândia,Rural,False,15156788,True,ESCOLA ESTADUAL ERIBERTO JASPER,0.0,0.0,0.5,0.5
ABAETETUBA,Tailândia,Urbana,False,15164535,True,ESCOLA ESTADUAL DELCIMAR ALVES DA SILVA,0.0,0.0,0.5,0.5
CASTANHAL,Terra Alta,Rural,False,15048993,True,ESCOLA ESTADUAL AUGUSTO RAMOS PINHEIROS,0.0,0.0,0.5,0.5
CASTANHAL,Terra Alta,Urbana,False,15049051,True,ESCOLA ESTADUAL INACIO PASSARINHO,0.0,0.0,0.5,0.5
OBIDOS,Terra Santa,Urbana,False,15004783,True,ESCOLA ESTADUAL ANTONIO CANDIDO MACHADO,0.0,0.0,0.5,0.5
SANTA IZABEL DO PARA,Tomé-Açu,Urbana,False,15085490,True,ESCOLA ESTADUAL ANTONIO BRASIL,0.0,0.0,0.5,0.5
SANTA IZABEL DO PARA,Tomé-Açu,Urbana,False,15085520,True,ESCOLA ESTADUAL DR FABIO LUZ,0.0,0.0,0.5,0.5
SANTA IZABEL DO PARA,Tomé-Açu,Rural,False,15177157,True,ESCOLA ESTADUAL PROF ANNA ROSA MORAES MACIEL,0.0,0.0,0.5,0.5
SANTA IZABEL DO PARA,Tomé-Açu,Rural,False,15177610,True,ESCOLA ESTADUAL RURAL DE TOME ACU,0.0,0.0,0.5,0.5
BRAGANCA,Tracuateua,Rural,False,15057283,True,ESCOLA ESTADUAL MARILDA FIGUEIREDO NUNES,0.0,0.0,0.5,0.5
BRAGANCA,Tracuateua,Urbana,False,15059260,True,ESCOLA ESTADUAL CEL PINHEIRO JUNIOR,0.0,0.0,0.5,0.5
ITAITUBA,Trairão,Urbana,False,15101681,True,ESCOLA ESTADUAL DEPUTADO EVERALDO MARTINS,0.0,0.0,0.0,0.5
ITAITUBA,Trairão,Rural,False,15169561,True,ANEXO EE DEP EVERALDO MARTINS - BELA VISTA DO CARACO,,0.0,0.0,0.5
ITAITUBA,Trairão,Rural,False,15177750,True,ESCOLA ESTADUAL RURAL DE TRAIRAO,0.0,0.0,0.0,0.5
XINGUARA,Tucumã,Urbana,False,15140776,True,ESCOLA ESTADUAL PROF GERALDO ANGELO PEREIRA,0.0,0.0,0.0,0.5
XINGUARA,Tucumã,Urbana,False,15167160,True,ESCOLA ESTADUAL THIAGO GONCALVES DE SOUZA,0.0,0.0,0.5,0.5
TUCURUI,Tucuruí,Urbana,False,15115704,True,ESCOLA ESTADUAL DEP RAIMUNDO RIBEIRO DE SOUZA,0.0,0.0,0.5,0.5
TUCURUI,Tucuruí,Rural,False,15177580,False,ESCOLA ESTADUAL RURAL DE TUCURUI,0.0,0.0,0.0,0.5
TUCURUI,Tucuruí,Urbana,False,15551415,True,ESCOLA ESTADUAL ANA PONTES FRANCEZ,0.0,0.0,0.5,0.5
TUCURUI,Tucuruí,Urbana,False,15551423,True,ESCOLA ESTADUAL RUI BARBOSA,0.0,0.0,0.0,0.5
TUCURUI,Tucuruí,Urbana,False,15588610,True,ESCOLA ESTADUAL SIMAO JACINTO DOS REIS,0.0,0.0,0.5,0.5
MAE DO RIO,Ulianópolis,Rural,False,15178013,True,ESCOLA ESTADUAL RURAL DE ULIANOPOLIS,0.0,0.0,0.0,0.5
MAE DO RIO,Ulianópolis,Urbana,False,15571831,True,ESCOLA ESTADUAL PROFA IZABEL AMAZONAS,0.0,0.0,0.5,0.5
ALTAMIRA,Uruará,Urbana,False,15109879,True,ESCOLA ESTADUAL MELVIN JONES,0.0,0.0,0.5,0.5
ALTAMIRA,Uruará,Rural,False,15178030,True,ESCOLA ESTADUAL RURAL DE URUARA,0.0,0.0,0.0,0.5
SANTA IZABEL DO PARA,Vigia,Urbana,False,15054357,True,ESCOLA ESTADUAL BARAO DO GUAJARA,0.0,0.5,0.0,0.5
SANTA IZABEL DO PARA,Vigia,Urbana,False,15054365,True,ESCOLA ESTADUAL CASTILHO FRANCA,0.0,0.5,0.0,0.5
SANTA IZABEL DO PARA,Vigia,Rural,False,15054373,True,ESCOLA ESTADUAL PENHA LONGA,0.0,0.5,0.0,0.5
SANTA IZABEL DO PARA,Vigia,Urbana,False,15054381,True,ESCOLA ESTADUAL PRESIDENTE KENNEDY,0.0,0.0,0.5,0.5
SANTA IZABEL DO PARA,Vigia,Urbana,False,15054390,True,ESCOLA ESTADUAL PROFA ESTER NUNES BIBAS,0.0,0.0,0.0,0.5
SANTA IZABEL DO PARA,Vigia,Urbana,False,15054420,False,ESCOLA ESTADUAL BERTOLDO NUNES,0.0,0.0,0.0,0.5
SANTA IZABEL DO PARA,Vigia,Rural,False,15054870,True,ESCOLA ESTADUAL TAURIANO GIL DE SOUSA,0.0,0.5,0.5,0.5
SANTA IZABEL DO PARA,Vigia,Rural,False,15054888,True,ESCOLA ESTADUAL ATATEUA DA BARRETA,0.0,0.0,0.0,0.5
SANTA IZABEL DO PARA,Vigia,Rural,False,15138963,True,ESCOLA ESTADUAL SANTA ROSA,0.0,0.5,0.5,0.5
BRAGANCA,Viseu,Urbana,False,15097145,True,ESCOLA ESTADUAL PADRE LUCIANO CALDERARA,0.0,0.0,0.5,0.5
BRAGANCA,Viseu,Rural,False,15172490,True,ANEXO EE PADRE LUCIANO CALDERARA - VILA FERNANDES B,,0.0,0.5,0.5
BRAGANCA,Viseu,Rural,False,15172503,True,ANEXO EE PADRE LUCIANO CALDERARA - VILA ACAITEUA,0.0,0.0,0.5,0.5
BRAGANCA,Viseu,Rural,False,15172511,True,ANEXO EE PADRE LUCIANO CALDERARA - VILA DO LAGUINHO,0.0,0.0,0.5,0.5
BRAGANCA,Viseu,Rural,False,15177939,True,ESCOLA ESTADUAL RURAL DE VISEU,0.0,0.0,0.0,0.5
BRAGANCA,Viseu,Rural,False,15180689,True,ANEXO EE PADRE LUCIANO CALDERARA - VILA DE CURUPAITI,0.0,0.0,0.5,0.5
ALTAMIRA,Vitória do Xingu,Urbana,False,15105016,True,ESCOLA ESTADUAL PADRE EURICO,0.0,0.0,0.5,0.5
ALTAMIRA,Vitória do Xingu,Rural,False,15178145,True,ESCOLA ESTADUAL RURAL DE VITORIA DO XINGU,0.0,0.0,0.0,0.5
XINGUARA,Xinguara,Urbana,False,15133702,True,ESCOLA ESTADUAL PEDRO RIBEIRO MOTA,0.0,0.0,0.5,0.5
XINGUARA,Xinguara,Urbana,False,15141128,True,ESCOLA ESTADUAL DOM LUIZ DE MOURA PALHA,0.0,0.0,0.5,0.5
XINGUARA,Xinguara,Rural,False,15168832,True,ANEXO EE DOM LUIZ DE MOURA PALHA - SAO JOSE,0.0,0.0,0.0,0.5
