ordem,dre,etapa_ensino,desempenho_lingua_portuguesa,desempenho_matematica,nota_padronizada_lp,nota_padronizada_mat,nota_padronizada_media,fluxo_tempo_medio,ideb
1,ANANINDEUA 01,ENSINO FUNDAMENTAL ANOS INICIAIS,213.92,221.13,6.0,6.15,6.07,0.99,6.0
2,ANANINDEUA 02,ENSINO FUNDAMENTAL ANOS INICIAIS,215.4,225.23,6.05,6.31,6.18,1.0,6.2
3,ANANINDEUA 03,ENSINO FUNDAMENTAL ANOS INICIAIS,224.41,235.65,6.38,6.7,6.54,1.0,6.5
4,ANANINDEUA 04,ENSINO FUNDAMENTAL ANOS INICIAIS,217.3,223.15,6.12,6.23,6.17,1.0,6.2
5,ANANINDEUA 05,ENSINO FUNDAMENTAL ANOS INICIAIS,211.43,216.21,5.91,5.96,5.93,1.0,5.9
6,BELEM 01,ENSINO FUNDAMENTAL ANOS INICIAIS,211.15,224.78,5.9,6.29,6.09,1.0,6.1
7,BELEM 02,ENSINO FUNDAMENTAL ANOS INICIAIS,210.57,218.51,5.88,6.05,5.96,1.0,6.0
8,BELEM 03,ENSINO FUNDAMENTAL ANOS INICIAIS,215.45,229.9,6.05,6.48,6.27,1.0,6.3
9,BELEM 04,ENSINO FUNDAMENTAL ANOS INICIAIS,210.78,216.69,5.88,5.98,5.93,0.99,5.9
10,BELEM 05,ENSINO FUNDAMENTAL ANOS INICIAIS,211.62,220.02,5.91,6.11,6.01,1.0,6.0
11,BELEM 06,ENSINO FUNDAMENTAL ANOS INICIAIS,224.97,231.0,6.4,6.53,6.46,1.0,6.5
12,BELEM 07,ENSINO FUNDAMENTAL ANOS INICIAIS,219.85,229.36,6.21,6.46,6.34,1.0,6.3
13,BELEM 08,ENSINO FUNDAMENTAL ANOS INICIAIS,211.4,227.04,5.91,6.38,6.14,1.0,6.1
14,BELEM 09,ENSINO FUNDAMENTAL ANOS INICIAIS,209.36,219.39,5.83,6.08,5.96,1.0,6.0
15,BELEM 10,ENSINO FUNDAMENTAL ANOS INICIAIS,213.93,213.88,6.0,5.87,5.94,1.0,5.9
16,BRAGANCA,ENSINO FUNDAMENTAL ANOS INICIAIS,200.27,211.51,5.5,5.78,5.64,1.0,5.6
17,CACHOEIRA DO ARARI,ENSINO FUNDAMENTAL ANOS INICIAIS,197.02,197.4,5.38,5.24,5.31,1.0,5.3
18,CAPANEMA,ENSINO FUNDAMENTAL ANOS INICIAIS,208.14,221.15,5.79,6.15,5.97,1.0,6.0
19,CAPITAO POCO,ENSINO FUNDAMENTAL ANOS INICIAIS,184.31,206.86,4.92,5.61,5.26,0.99,5.2
20,CASTANHAL,ENSINO FUNDAMENTAL ANOS INICIAIS,187.97,198.44,5.05,5.28,5.17,1.0,5.2
21,CONCEICAO DO ARAGUAIA,ENSINO FUNDAMENTAL ANOS INICIAIS,189.99,194.23,5.13,5.12,5.13,1.0,5.1
22,CURRALINHO,ENSINO FUNDAMENTAL ANOS INICIAIS,204.88,222.34,5.67,6.2,5.93,1.0,5.9
23,MARACANA,ENSINO FUNDAMENTAL ANOS INICIAIS,203.7,208.07,5.63,5.65,5.64,1.0,5.6
24,MONTE ALEGRE,ENSINO FUNDAMENTAL ANOS INICIAIS,212.36,221.07,5.94,6.15,6.04,1.0,6.0
25,OBIDOS,ENSINO FUNDAMENTAL ANOS INICIAIS,201.75,217.23,5.55,6.0,5.78,1.0,5.8
26,SANTA BARBARA,ENSINO FUNDAMENTAL ANOS INICIAIS,214.65,219.14,6.02,6.07,6.05,1.0,6.0
27,ABAETETUBA,ENSINO FUNDAMENTAL ANOS FINAIS,251.4,248.75,5.05,4.96,5.0,0.99,
28,ANANINDEUA 01,ENSINO FUNDAMENTAL ANOS FINAIS,256.85,253.59,5.23,5.12,5.17,1.0,
29,ANANINDEUA 02,ENSINO FUNDAMENTAL ANOS FINAIS,257.01,245.91,5.23,4.86,5.05,0.99,
30,ANANINDEUA 03,ENSINO FUNDAMENTAL ANOS FINAIS,260.41,251.88,5.35,5.06,5.2,1.0,
31,ANANINDEUA 04,ENSINO FUNDAMENTAL ANOS FINAIS,263.15,251.68,5.44,5.06,5.25,1.0,
32,ANANINDEUA 05,ENSINO FUNDAMENTAL ANOS FINAIS,255.82,250.2,5.19,5.01,5.1,0.99,
33,BELEM 01,ENSINO FUNDAMENTAL ANOS FINAIS,247.3,243.51,4.91,4.78,4.85,1.0,
34,BELEM 02,ENSINO FUNDAMENTAL ANOS FINAIS,261.49,249.59,5.38,4.99,5.18,0.99,
35,BELEM 03,ENSINO FUNDAMENTAL ANOS FINAIS,248.74,243.27,4.96,4.78,4.87,1.0,
36,BELEM 04,ENSINO FUNDAMENTAL ANOS FINAIS,257.72,250.54,5.26,5.02,5.14,0.99,
37,BELEM 05,ENSINO FUNDAMENTAL ANOS FINAIS,260.98,256.14,5.37,5.2,5.29,1.0,
38,BELEM 06,ENSINO FUNDAMENTAL ANOS FINAIS,265.49,259.37,5.52,5.31,5.41,1.0,
39,BELEM 07,ENSINO FUNDAMENTAL ANOS FINAIS,267.67,266.26,5.59,5.54,5.57,1.0,
40,BELEM 08,ENSINO FUNDAMENTAL ANOS FINAIS,253.96,245.22,5.13,4.84,4.99,0.99,
41,BELEM 09,ENSINO FUNDAMENTAL ANOS FINAIS,252.92,249.34,5.1,4.98,5.04,0.99,
42,BELEM 10,ENSINO FUNDAMENTAL ANOS FINAIS,247.67,240.52,4.92,4.68,4.8,1.0,
43,BENEVIDES,ENSINO FUNDAMENTAL ANOS FINAIS,246.1,243.46,4.87,4.78,4.83,1.0,
44,BRAGANCA,ENSINO FUNDAMENTAL ANOS FINAIS,253.36,247.85,5.11,4.93,5.02,0.99,
45,CACHOEIRA DO ARARI,ENSINO FUNDAMENTAL ANOS FINAIS,243.53,247.3,4.78,4.91,4.85,1.0,
46,CAMETA,ENSINO FUNDAMENTAL ANOS FINAIS,271.91,254.14,5.73,5.14,5.43,1.0,
47,CAPANEMA,ENSINO FUNDAMENTAL ANOS FINAIS,254.03,254.67,5.13,5.16,5.15,1.0,
48,CAPITAO POCO,ENSINO FUNDAMENTAL ANOS FINAIS,256.26,258.44,5.21,5.28,5.24,0.99,
49,CASTANHAL,ENSINO FUNDAMENTAL ANOS FINAIS,249.85,244.69,4.99,4.82,4.91,0.99,
50,CONCEICAO DO ARAGUAIA,ENSINO FUNDAMENTAL ANOS FINAIS,249.32,243.68,4.98,4.79,4.88,1.0,
51,CURRALINHO,ENSINO FUNDAMENTAL ANOS FINAIS,250.41,244.63,5.01,4.82,4.92,1.0,
52,MAE DO RIO,ENSINO FUNDAMENTAL ANOS FINAIS,244.38,241.33,4.81,4.71,4.76,1.0,
53,MARACANA,ENSINO FUNDAMENTAL ANOS FINAIS,234.04,227.16,4.47,4.24,4.35,0.99,
54,MONTE ALEGRE,ENSINO FUNDAMENTAL ANOS FINAIS,255.1,246.2,5.17,4.87,5.02,1.0,
55,OBIDOS,ENSINO FUNDAMENTAL ANOS FINAIS,244.35,238.93,4.81,4.63,4.72,1.0,
56,SANTA BARBARA,ENSINO FUNDAMENTAL ANOS FINAIS,251.61,245.38,5.05,4.85,4.95,0.99,
57,SANTA IZABEL DO PARA,ENSINO FUNDAMENTAL ANOS FINAIS,246.58,245.94,4.89,4.86,4.88,0.99,
58,SANTAREM,ENSINO FUNDAMENTAL ANOS FINAIS,259.89,255.44,5.33,5.18,5.26,1.0,
59,ABAETETUBA,ENSINO MEDIO,264.8,261.95,4.43,4.24,4.33,0.99,4.3
60,AFUA,ENSINO MEDIO,275.1,280.64,4.73,4.77,4.75,0.96,4.5
61,ALTAMIRA,ENSINO MEDIO,281.03,282.74,4.91,4.82,4.87,1.0,4.9
62,ANANINDEUA 01,ENSINO MEDIO,264.81,259.83,4.43,4.18,4.3,0.99,4.3
63,ANANINDEUA 02,ENSINO MEDIO,276.28,264.0,4.77,4.3,4.53,0.98,4.5
64,ANANINDEUA 03,ENSINO MEDIO,281.15,279.36,4.91,4.73,4.82,1.0,4.8
65,ANANINDEUA 04,ENSINO MEDIO,281.89,269.64,4.94,4.46,4.7,1.0,4.7
66,ANANINDEUA 05,ENSINO MEDIO,273.95,271.42,4.7,4.51,4.6,0.98,4.5
67,BELEM 01,ENSINO MEDIO,262.47,258.07,4.36,4.13,4.24,1.0,4.2
68,BELEM 02,ENSINO MEDIO,272.99,263.4,4.67,4.28,4.48,0.99,4.4
69,BELEM 03,ENSINO MEDIO,270.0,263.7,4.58,4.29,4.44,0.99,4.4
70,BELEM 04,ENSINO MEDIO,273.54,261.55,4.69,4.23,4.46,0.98,4.4
71,BELEM 05,ENSINO MEDIO,276.2,277.23,4.77,4.67,4.72,0.99,4.7
72,BELEM 06,ENSINO MEDIO,282.24,271.29,4.95,4.5,4.72,1.0,4.7
73,BELEM 07,ENSINO MEDIO,286.75,280.32,5.08,4.76,4.92,1.0,4.9
74,BELEM 08,ENSINO MEDIO,268.58,264.09,4.54,4.3,4.42,0.99,4.4
75,BELEM 09,ENSINO MEDIO,280.67,271.16,4.9,4.5,4.7,1.0,4.7
76,BELEM 10,ENSINO MEDIO,268.48,261.62,4.54,4.23,4.38,0.99,4.3
77,BENEVIDES,ENSINO MEDIO,272.98,269.66,4.67,4.46,4.56,1.0,4.6
78,BRAGANCA,ENSINO MEDIO,261.04,260.39,4.31,4.2,4.25,0.99,4.2
79,BREVES,ENSINO MEDIO,267.47,265.53,4.51,4.34,4.42,0.99,4.4
80,CACHOEIRA DO ARARI,ENSINO MEDIO,261.85,258.2,4.34,4.13,4.24,1.0,4.2
81,CAMETA,ENSINO MEDIO,268.52,269.58,4.54,4.45,4.5,1.0,4.5
82,CAPANEMA,ENSINO MEDIO,271.43,270.38,4.62,4.48,4.55,1.0,4.5
83,CAPITAO POCO,ENSINO MEDIO,280.03,277.57,4.88,4.68,4.78,0.99,4.7
84,CASTANHAL,ENSINO MEDIO,264.37,261.11,4.41,4.22,4.31,0.99,4.3
85,CONCEICAO DO ARAGUAIA,ENSINO MEDIO,259.6,263.71,4.27,4.29,4.28,1.0,4.3
86,CURRALINHO,ENSINO MEDIO,265.59,261.69,4.45,4.23,4.34,0.99,4.3
87,ITAITUBA,ENSINO MEDIO,272.02,270.91,4.64,4.49,4.57,0.99,4.5
88,MAE DO RIO,ENSINO MEDIO,266.21,257.97,4.47,4.13,4.3,0.99,4.2
89,MARABA,ENSINO MEDIO,262.96,259.71,4.37,4.18,4.27,0.99,4.2
90,MARACANA,ENSINO MEDIO,259.37,259.93,4.26,4.18,4.22,0.99,4.2
91,MONTE ALEGRE,ENSINO MEDIO,271.49,267.96,4.63,4.41,4.52,1.0,4.5
92,OBIDOS,ENSINO MEDIO,260.37,262.14,4.29,4.25,4.27,0.99,4.2
93,PARAUAPEBAS,ENSINO MEDIO,269.66,261.76,4.57,4.23,4.4,0.99,4.4
94,SANTA BARBARA,ENSINO MEDIO,270.51,259.97,4.6,4.18,4.39,0.99,4.4
95,SANTA IZABEL DO PARA,ENSINO MEDIO,265.4,262.44,4.44,4.25,4.35,0.99,4.3
96,SANTAREM,ENSINO MEDIO,272.77,270.02,4.66,4.47,4.57,1.0,4.6
97,TUCURUI,ENSINO MEDIO,273.67,271.71,4.69,4.51,4.6,1.0,4.6
98,XINGUARA,ENSINO MEDIO,268.01,266.55,4.52,4.37,4.45,0.99,4.4
